0,1
我起來了,誰起來了
天亮了我起來了太陽也起來了,天亮了誰起來了太陽也起來了
天亮了我起來了太陽也起來了,天亮了我起來了誰也起來了
天亮了我起來了我天天早起太陽也天天早起,天亮了誰起來了我天天早起太陽也天天早起
天亮了我起來了我天天早起太陽也天天早起,天亮了我起來了誰天天早起太陽也天天早起
天亮了我起來了我天天早起太陽也天天早起,天亮了我起來了我何時早起太陽也天天早起
天亮了我起來了我天天早起太陽也天天早起,天亮了我起來了我天天早起誰也天天早起
天亮了我起來了我天天早起太陽也天天早起,天亮了我起來了我天天早起太陽也何時早起
爸爸說他小時候上學看見老師會向老師行禮說老師好,誰說他小時候上學看見老師會向老師行禮說老師好
爸爸說他小時候上學看見老師會向老師行禮說老師好,爸爸說誰小時候上學看見老師會向老師行禮說老師好
爸爸說他小時候上學看見老師會向老師行禮說老師好,爸爸說他何時上學看見老師會向老師行禮說老師好
爸爸說他小時候上學看見老師會向老師行禮說老師好,爸爸說他小時候上學看見誰會向老師行禮說老師好
爸爸說他小時候上學看見老師會向老師行禮說老師好,爸爸說他小時候上學看見老師會向誰行禮說老師好
爸爸說他小時候上學看見老師會向老師行禮說老師好,爸爸說他小時候上學看見老師會向老師行禮說誰好
現在我在泰國上學我看見老師我會雙手合掌向老師行禮說老師好,何時我在泰國上學我看見老師我會雙手合掌向老師行禮說老師好
現在我在泰國上學我看見老師我會雙手合掌向老師行禮說老師好,現在誰在泰國上學我看見老師我會雙手合掌向老師行禮說老師好
現在我在泰國上學我看見老師我會雙手合掌向老師行禮說老師好,現在我在哪裡上學我看見老師我會雙手合掌向老師行禮說老師好
現在我在泰國上學我看見老師我會雙手合掌向老師行禮說老師好,現在我在泰國上學誰看見老師我會雙手合掌向老師行禮說老師好
現在我在泰國上學我看見老師我會雙手合掌向老師行禮說老師好,現在我在泰國上學我看見誰我會雙手合掌向老師行禮說老師好
現在我在泰國上學我看見老師我會雙手合掌向老師行禮說老師好,現在我在泰國上學我看見老師誰會雙手合掌向老師行禮說老師好
現在我在泰國上學我看見老師我會雙手合掌向老師行禮說老師好,現在我在泰國上學我看見老師我會雙手合掌向誰行禮說老師好
現在我在泰國上學我看見老師我會雙手合掌向老師行禮說老師好,現在我在泰國上學我看見老師我會雙手合掌向老師行禮說誰好
背書包上學去,背什麼上學去
我的書包裡有書也有筆,誰的書包裡有書也有筆
我的書包裡有書也有筆,我的什麼裡有書也有筆
我的書包裡有書也有筆,我的書包裡有什麼也有筆
我的書包裡有書也有筆,我的書包裡有書也有什麼
我有四本書我有三枝筆還有一個小皮球也在我的書包裡,誰有四本書我有三枝筆還有一個小皮球也在我的書包裡
我有四本書我有三枝筆還有一個小皮球也在我的書包裡,我有四本什麼我有三枝筆還有一個小皮球也在我的書包裡
我有四本書我有三枝筆還有一個小皮球也在我的書包裡,我有四本書誰有三枝筆還有一個小皮球也在我的書包裡
我有四本書我有三枝筆還有一個小皮球也在我的書包裡,我有四本書我有三枝什麼還有一個小皮球也在我的書包裡
我有四本書我有三枝筆還有一個小皮球也在我的書包裡,我有四本書我有三枝筆還有一個小什麼也在我的書包裡
我有四本書我有三枝筆還有一個小皮球也在我的書包裡,我有四本書我有三枝筆還有一個小皮球也在誰的書包裡
我有四本書我有三枝筆還有一個小皮球也在我的書包裡,我有四本書我有三枝筆還有一個小皮球也在我的什麼裡
小狗小狗跟我來我們比一比看誰跑得快,小誰小狗跟我來我們比一比看誰跑得快
小狗小狗跟我來我們比一比看誰跑得快,小狗小誰跟我來我們比一比看誰跑得快
小狗小狗跟我來我們比一比看誰跑得快,小狗小狗跟誰來我們比一比看誰跑得快
小狗小狗跟我來我們比一比看誰跑得快,小狗小狗跟我來誰比一比看誰跑得快
小狗小狗跟我來我踢球你去追,小誰小狗跟我來我踢球你去追
小狗小狗跟我來我踢球你去追,小狗小誰跟我來我踢球你去追
小狗小狗跟我來我踢球你去追,小狗小狗跟誰來我踢球你去追
小狗小狗跟我來我踢球你去追,小狗小狗跟我來誰踢球你去追
小狗小狗跟我來我踢球你去追,小狗小狗跟我來我踢球誰去追
我踢到哪裡你追到哪裡,誰踢到哪裡你追到哪裡
我踢到哪裡你追到哪裡,我踢到哪裡誰追到哪裡
看我踢得遠不遠,看誰踢得遠不遠
看你跑得快不快,看誰跑得快不快
小方喜歡上學他看到老師說老師好,誰喜歡上學他看到老師說老師好
小方喜歡上學他看到老師說老師好,小方喜歡上學誰看到老師說老師好
小方喜歡上學他看到老師說老師好,小方喜歡上學他看到誰說老師好
小方喜歡上學他看到老師說老師好,小方喜歡上學他看到老師說誰好
他看到同學說同學好,誰看到同學說同學好
他看到同學說同學好,他看到誰說同學好
他看到同學說同學好,他看到同學說誰好
小方喜歡老師老師也喜歡小方,誰喜歡老師老師也喜歡小方
小方喜歡老師老師也喜歡小方,小方喜歡誰老師也喜歡小方
小方喜歡老師老師也喜歡小方,小方喜歡老師誰也喜歡小方
小方喜歡老師老師也喜歡小方,小方喜歡老師老師也喜歡誰
小方喜歡同學同學也喜歡小方,誰喜歡同學同學也喜歡小方
小方喜歡同學同學也喜歡小方,小方喜歡誰同學也喜歡小方
小方喜歡同學同學也喜歡小方,小方喜歡同學誰也喜歡小方
小方喜歡同學同學也喜歡小方,小方喜歡同學同學也喜歡誰
公園裡大樹高花兒美還有漂亮的草地,什麼裡大樹高花兒美還有漂亮的草地
公園裡大樹高花兒美還有漂亮的草地,公園裡什麼高花兒美還有漂亮的草地
公園裡大樹高花兒美還有漂亮的草地,公園裡大樹高什麼美還有漂亮的草地
公園裡大樹高花兒美還有漂亮的草地,公園裡大樹高花兒美還有漂亮的什麼
樹很高我們不要爬上去,什麼很高我們不要爬上去
樹很高我們不要爬上去,樹很高誰不要爬上去
花很美我們不要摘下來,什麼很美我們不要摘下來
花很美我們不要摘下來,花很美誰不要摘下來
草地很漂亮我們不要去踩它,什麼很漂亮我們不要去踩它
草地很漂亮我們不要去踩它,草地很漂亮誰不要去踩它
草地很漂亮我們不要去踩它,草地很漂亮我們不要去踩什麼
明天是小方的生日小方打電話給小亮,何時是小方的生日小方打電話給小亮
明天是小方的生日小方打電話給小亮,明天是誰的生日小方打電話給小亮
明天是小方的生日小方打電話給小亮,明天是小方的什麼小方打電話給小亮
明天是小方的生日小方打電話給小亮,明天是小方的生日誰打電話給小亮
明天是小方的生日小方打電話給小亮,明天是小方的生日小方打電話給誰
小方說小亮明天是我生日請你來我家好嗎,誰說小亮明天是我生日請你來我家好嗎
小方說小亮明天是我生日請你來我家好嗎,小方說誰明天是我生日請你來我家好嗎
小方說小亮明天是我生日請你來我家好嗎,小方說小亮何時是我生日請你來我家好嗎
小方說小亮明天是我生日請你來我家好嗎,小方說小亮明天是誰生日請你來我家好嗎
小方說小亮明天是我生日請你來我家好嗎,小方說小亮明天是我什麼請你來我家好嗎
小方說小亮明天是我生日請你來我家好嗎,小方說小亮明天是我生日請誰來我家好嗎
小方說小亮明天是我生日請你來我家好嗎,小方說小亮明天是我生日請你來哪裡好嗎
小亮說好啊我會唱歌給你聽,誰說好啊我會唱歌給你聽
小亮說好啊我會唱歌給你聽,小亮說好啊誰會唱歌給你聽
小亮說好啊我會唱歌給你聽,小亮說好啊我會唱歌給誰聽
小方說你要唱什麼歌,誰說你要唱什麼歌
小方說你要唱什麼歌,小方說誰要唱什麼歌
小亮說我明天再告訴你,誰說我明天再告訴你
小亮說我明天再告訴你,小亮說誰明天再告訴你
小亮說我明天再告訴你,小亮說我何時再告訴你
小亮說我明天再告訴你,小亮說我明天再告訴誰
小方說好啊你明天一定要來,誰說好啊你明天一定要來
小方說好啊你明天一定要來,小方說好啊誰明天一定要來
小方說好啊你明天一定要來,小方說好啊你何時一定要來
小鳥小鳥愛唱歌你的歌兒真好聽你唱的是什麼歌請你告訴我,誰小鳥愛唱歌你的歌兒真好聽你唱的是什麼歌請你告訴我
小鳥小鳥愛唱歌你的歌兒真好聽你唱的是什麼歌請你告訴我,小鳥誰愛唱歌你的歌兒真好聽你唱的是什麼歌請你告訴我
小鳥小鳥愛唱歌你的歌兒真好聽你唱的是什麼歌請你告訴我,小鳥小鳥愛唱歌誰的歌兒真好聽你唱的是什麼歌請你告訴我
小鳥小鳥愛唱歌你的歌兒真好聽你唱的是什麼歌請你告訴我,小鳥小鳥愛唱歌你的什麼真好聽你唱的是什麼歌請你告訴我
小鳥小鳥愛唱歌你的歌兒真好聽你唱的是什麼歌請你告訴我,小鳥小鳥愛唱歌你的歌兒真好聽誰唱的是什麼歌請你告訴我
小鳥小鳥愛唱歌你的歌兒真好聽你唱的是什麼歌請你告訴我,小鳥小鳥愛唱歌你的歌兒真好聽你唱的是什麼歌請誰告訴我
小鳥小鳥愛唱歌你的歌兒真好聽請你和我一起唱歌你說好不好,誰小鳥愛唱歌你的歌兒真好聽請你和我一起唱歌你說好不好
小鳥小鳥愛唱歌你的歌兒真好聽請你和我一起唱歌你說好不好,小鳥誰愛唱歌你的歌兒真好聽請你和我一起唱歌你說好不好
小鳥小鳥愛唱歌你的歌兒真好聽請你和我一起唱歌你說好不好,小鳥小鳥愛唱歌誰的歌兒真好聽請你和我一起唱歌你說好不好
小鳥小鳥愛唱歌你的歌兒真好聽請你和我一起唱歌你說好不好,小鳥小鳥愛唱歌你的什麼真好聽請你和我一起唱歌你說好不好
小鳥小鳥愛唱歌你的歌兒真好聽請你和我一起唱歌你說好不好,小鳥小鳥愛唱歌你的歌兒真好聽請誰和我一起唱歌你說好不好
小鳥小鳥愛唱歌你的歌兒真好聽請你和我一起唱歌你說好不好,小鳥小鳥愛唱歌你的歌兒真好聽請你和誰一起唱歌你說好不好
小鳥小鳥愛唱歌你的歌兒真好聽請你和我一起唱歌你說好不好,小鳥小鳥愛唱歌你的歌兒真好聽請你和我一起唱歌誰說好不好
坐火車過山洞山洞長又長妹妹學數數兒看看數到幾山洞才過完,坐什麼過山洞山洞長又長妹妹學數數兒看看數到幾山洞才過完
坐火車過山洞山洞長又長妹妹學數數兒看看數到幾山洞才過完,坐火車過什麼山洞長又長妹妹學數數兒看看數到幾山洞才過完
坐火車過山洞山洞長又長妹妹學數數兒看看數到幾山洞才過完,坐火車過山洞什麼長又長妹妹學數數兒看看數到幾山洞才過完
坐火車過山洞山洞長又長妹妹學數數兒看看數到幾山洞才過完,坐火車過山洞山洞長又長誰學數數兒看看數到幾山洞才過完
坐火車過山洞山洞長又長妹妹學數數兒看看數到幾山洞才過完,坐火車過山洞山洞長又長妹妹學什麼看看數到幾山洞才過完
坐火車過山洞山洞長又長妹妹學數數兒看看數到幾山洞才過完,坐火車過山洞山洞長又長妹妹學數數兒看看數到幾什麼才過完
坐火車過山洞山洞多又多過了一個又一個妹妹數不完數著數著睡著了,坐什麼過山洞山洞多又多過了一個又一個妹妹數不完數著數著睡著了
坐火車過山洞山洞多又多過了一個又一個妹妹數不完數著數著睡著了,坐火車過什麼山洞多又多過了一個又一個妹妹數不完數著數著睡著了
坐火車過山洞山洞多又多過了一個又一個妹妹數不完數著數著睡著了,坐火車過山洞什麼多又多過了一個又一個妹妹數不完數著數著睡著了
坐火車過山洞山洞多又多過了一個又一個妹妹數不完數著數著睡著了,坐火車過山洞山洞多又多過了一個又一個誰數不完數著數著睡著了
我家有一個小院子媽媽在院子裡掃地爸爸在院子裡澆花我在院子裡拍皮球,哪裡有一個小院子媽媽在院子裡掃地爸爸在院子裡澆花我在院子裡拍皮球
我家有一個小院子媽媽在院子裡掃地爸爸在院子裡澆花我在院子裡拍皮球,我家有一個什麼媽媽在院子裡掃地爸爸在院子裡澆花我在院子裡拍皮球
我家有一個小院子媽媽在院子裡掃地爸爸在院子裡澆花我在院子裡拍皮球,我家有一個小院子誰在院子裡掃地爸爸在院子裡澆花我在院子裡拍皮球
我家有一個小院子媽媽在院子裡掃地爸爸在院子裡澆花我在院子裡拍皮球,我家有一個小院子媽媽在哪裡裡掃地爸爸在院子裡澆花我在院子裡拍皮球
我家有一個小院子媽媽在院子裡掃地爸爸在院子裡澆花我在院子裡拍皮球,我家有一個小院子媽媽在院子裡掃地誰在院子裡澆花我在院子裡拍皮球
我家有一個小院子媽媽在院子裡掃地爸爸在院子裡澆花我在院子裡拍皮球,我家有一個小院子媽媽在院子裡掃地爸爸在哪裡裡澆花我在院子裡拍皮球
我家有一個小院子媽媽在院子裡掃地爸爸在院子裡澆花我在院子裡拍皮球,我家有一個小院子媽媽在院子裡掃地爸爸在院子裡澆什麼我在院子裡拍皮球
我家有一個小院子媽媽在院子裡掃地爸爸在院子裡澆花我在院子裡拍皮球,我家有一個小院子媽媽在院子裡掃地爸爸在院子裡澆花誰在院子裡拍皮球
我家有一個小院子媽媽在院子裡掃地爸爸在院子裡澆花我在院子裡拍皮球,我家有一個小院子媽媽在院子裡掃地爸爸在院子裡澆花我在哪裡裡拍皮球
我家有一個小院子媽媽在院子裡掃地爸爸在院子裡澆花我在院子裡拍皮球,我家有一個小院子媽媽在院子裡掃地爸爸在院子裡澆花我在院子裡拍什麼
我家有一個小院子小狗在院子裡追小貓小貓一跳跳到大樹上,哪裡有一個小院子小狗在院子裡追小貓小貓一跳跳到大樹上
我家有一個小院子小狗在院子裡追小貓小貓一跳跳到大樹上,我家有一個什麼小狗在院子裡追小貓小貓一跳跳到大樹上
我家有一個小院子小狗在院子裡追小貓小貓一跳跳到大樹上,我家有一個小院子誰在院子裡追小貓小貓一跳跳到大樹上
我家有一個小院子小狗在院子裡追小貓小貓一跳跳到大樹上,我家有一個小院子小狗在哪裡裡追小貓小貓一跳跳到大樹上
我家有一個小院子小狗在院子裡追小貓小貓一跳跳到大樹上,我家有一個小院子小狗在院子裡追小誰小貓一跳跳到大樹上
我家有一個小院子小狗在院子裡追小貓小貓一跳跳到大樹上,我家有一個小院子小狗在院子裡追小貓誰一跳跳到大樹上
我家有一個小院子小狗在院子裡追小貓小貓一跳跳到大樹上,我家有一個小院子小狗在院子裡追小貓小貓一跳跳到什麼上
小方趕了十頭牛在路上走他怕少了牛一面走一面數一二三四五六七八九十,誰趕了十頭牛在路上走他怕少了牛一面走一面數一二三四五六七八九十
小方趕了十頭牛在路上走他怕少了牛一面走一面數一二三四五六七八九十,小方趕了十頭什麼在路上走他怕少了牛一面走一面數一二三四五六七八九十
小方趕了十頭牛在路上走他怕少了牛一面走一面數一二三四五六七八九十,小方趕了十頭牛在哪裡走他怕少了牛一面走一面數一二三四五六七八九十
小方趕了十頭牛在路上走他怕少了牛一面走一面數一二三四五六七八九十,小方趕了十頭牛在路上走誰怕少了牛一面走一面數一二三四五六七八九十
小方趕了十頭牛在路上走他怕少了牛一面走一面數一二三四五六七八九十,小方趕了十頭牛在路上走他怕少了什麼一面走一面數一二三四五六七八九十
走啊走小方走累了,走啊走誰走累了
他騎上了一頭牛又數著一二三四五六七八九啊少了一頭牛,誰騎上了一頭牛又數著一二三四五六七八九啊少了一頭牛
他騎上了一頭牛又數著一二三四五六七八九啊少了一頭牛,他騎上了一頭什麼又數著一二三四五六七八九啊少了一頭牛
他騎上了一頭牛又數著一二三四五六七八九啊少了一頭牛,他騎上了一頭牛又數著一二三四五六七八九啊少了一頭什麼
小方連忙跳下來再數一數一二三四五六七八九十,誰連忙跳下來再數一數一二三四五六七八九十
他又騎上牛數著一二三四五六七八九,誰又騎上牛數著一二三四五六七八九
他又騎上牛數著一二三四五六七八九,他又騎上什麼數著一二三四五六七八九
泰國有很多大象,哪裡有很多大象
泰國有很多大象,泰國有很多什麼
李爺爺家有三頭大象爸爸帶我去李爺爺家看大象,誰家有三頭大象爸爸帶我去李爺爺家看大象
李爺爺家有三頭大象爸爸帶我去李爺爺家看大象,李爺爺家有三頭什麼爸爸帶我去李爺爺家看大象
李爺爺家有三頭大象爸爸帶我去李爺爺家看大象,李爺爺家有三頭大象誰帶我去李爺爺家看大象
李爺爺家有三頭大象爸爸帶我去李爺爺家看大象,李爺爺家有三頭大象爸爸帶誰去李爺爺家看大象
李爺爺家有三頭大象爸爸帶我去李爺爺家看大象,李爺爺家有三頭大象爸爸帶我去誰家看大象
李爺爺家有三頭大象爸爸帶我去李爺爺家看大象,李爺爺家有三頭大象爸爸帶我去李爺爺家看什麼
我看到大象有一條長長的鼻子有兩隻大大的耳朵還有四隻粗粗的腿,誰看到大象有一條長長的鼻子有兩隻大大的耳朵還有四隻粗粗的腿
我看到大象有一條長長的鼻子有兩隻大大的耳朵還有四隻粗粗的腿,我看到誰有一條長長的鼻子有兩隻大大的耳朵還有四隻粗粗的腿
我看到大象有一條長長的鼻子有兩隻大大的耳朵還有四隻粗粗的腿,我看到大象有一條長長的什麼有兩隻大大的耳朵還有四隻粗粗的腿
我看到大象有一條長長的鼻子有兩隻大大的耳朵還有四隻粗粗的腿,我看到大象有一條長長的鼻子有兩隻大大的什麼還有四隻粗粗的腿
我看到大象有一條長長的鼻子有兩隻大大的耳朵還有四隻粗粗的腿,我看到大象有一條長長的鼻子有兩隻大大的耳朵還有四隻粗粗的什麼
大象又高又大我喜歡大象,誰又高又大我喜歡大象
大象又高又大我喜歡大象,大象又高又大我喜歡誰
今天老師說了一個笑話,何時老師說了一個笑話
今天老師說了一個笑話,今天誰說了一個笑話
今天老師說了一個笑話,今天老師說了一個什麼
有一個人向畫家要一張畫,有一個人向誰要一張畫
有一個人向畫家要一張畫,有一個人向畫家要一張什麼
畫家送他一張白紙,誰送他一張白紙
畫家送他一張白紙,畫家送誰一張白紙
畫家送他一張白紙,畫家送他一張什麼
那個人問你畫的是什麼,那個人問誰畫的是什麼
畫家說我畫一頭牛在吃草,誰說我畫一頭牛在吃草
畫家說我畫一頭牛在吃草,畫家說誰畫一頭牛在吃草
畫家說我畫一頭牛在吃草,畫家說我畫一頭誰在吃草
畫家說我畫一頭牛在吃草,畫家說我畫一頭牛在吃什麼
那人問草在哪裡,那人問什麼在哪裡
畫家說草被牛吃了,誰說草被牛吃了
畫家說草被牛吃了,畫家說什麼被牛吃了
畫家說草被牛吃了,畫家說草被誰吃了
那個人又問牛在哪裡,那個人又問誰在哪裡
畫家回答牛吃了草就回家了老師說完笑話大家都笑了,誰回答牛吃了草就回家了老師說完笑話大家都笑了
畫家回答牛吃了草就回家了老師說完笑話大家都笑了,畫家回答誰吃了草就回家了老師說完笑話大家都笑了
畫家回答牛吃了草就回家了老師說完笑話大家都笑了,畫家回答牛吃了什麼就回家了老師說完笑話大家都笑了
畫家回答牛吃了草就回家了老師說完笑話大家都笑了,畫家回答牛吃了草就回家了誰說完笑話大家都笑了
畫家回答牛吃了草就回家了老師說完笑話大家都笑了,畫家回答牛吃了草就回家了老師說完什麼大家都笑了
畫家回答牛吃了草就回家了老師說完笑話大家都笑了,畫家回答牛吃了草就回家了老師說完笑話誰都笑了
我做一條船送給姐姐坐姐姐要去看外婆,誰做一條船送給姐姐坐姐姐要去看外婆
我做一條船送給姐姐坐姐姐要去看外婆,我做一條什麼送給姐姐坐姐姐要去看外婆
我做一條船送給姐姐坐姐姐要去看外婆,我做一條船送給誰坐姐姐要去看外婆
我做一條船送給姐姐坐姐姐要去看外婆,我做一條船送給姐姐坐誰要去看外婆
我做一條船送給姐姐坐姐姐要去看外婆,我做一條船送給姐姐坐姐姐要去看誰
我做一條船送給哥哥坐哥哥出海去打魚,誰做一條船送給哥哥坐哥哥出海去打魚
我做一條船送給哥哥坐哥哥出海去打魚,我做一條什麼送給哥哥坐哥哥出海去打魚
我做一條船送給哥哥坐哥哥出海去打魚,我做一條船送給誰坐哥哥出海去打魚
我做一條船送給哥哥坐哥哥出海去打魚,我做一條船送給哥哥坐誰出海去打魚
我做一條船送給弟弟坐弟弟弟弟,誰做一條船送給弟弟坐弟弟弟弟
我做一條船送給弟弟坐弟弟弟弟,我做一條什麼送給弟弟坐弟弟弟弟
我做一條船送給弟弟坐弟弟弟弟,我做一條船送給誰坐弟弟弟弟
我做一條船送給弟弟坐弟弟弟弟,我做一條船送給弟弟坐誰弟弟
你要到哪裡,誰要到哪裡
媽媽教小方寫字,誰教小方寫字
媽媽教小方寫字,媽媽教誰寫字
媽媽說,誰說
身體要坐正,什麼要坐正
開學了我們走進學校看到同學都長高了,開學了誰走進學校看到同學都長高了
開學了我們走進學校看到同學都長高了,開學了我們走進哪裡看到同學都長高了
開學了我們走進學校看到同學都長高了,開學了我們走進學校看到誰都長高了
大家相見真開心,誰相見真開心
上課了老師教我們讀書老師教我們寫字上學真快樂,上課了誰教我們讀書老師教我們寫字上學真快樂
上課了老師教我們讀書老師教我們寫字上學真快樂,上課了老師教誰讀書老師教我們寫字上學真快樂
上課了老師教我們讀書老師教我們寫字上學真快樂,上課了老師教我們讀書誰教我們寫字上學真快樂
上課了老師教我們讀書老師教我們寫字上學真快樂,上課了老師教我們讀書老師教誰寫字上學真快樂
下課了我和同學一起打球我和同學一起玩耍上學真快樂,下課了誰和同學一起打球我和同學一起玩耍上學真快樂
下課了我和同學一起打球我和同學一起玩耍上學真快樂,下課了我和誰一起打球我和同學一起玩耍上學真快樂
下課了我和同學一起打球我和同學一起玩耍上學真快樂,下課了我和同學一起打球誰和同學一起玩耍上學真快樂
下課了我和同學一起打球我和同學一起玩耍上學真快樂,下課了我和同學一起打球我和誰一起玩耍上學真快樂
星期天的下午媽媽帶我和弟弟去看大象表演,何時媽媽帶我和弟弟去看大象表演
星期天的下午媽媽帶我和弟弟去看大象表演,星期天的下午誰帶我和弟弟去看大象表演
星期天的下午媽媽帶我和弟弟去看大象表演,星期天的下午媽媽帶誰和弟弟去看大象表演
星期天的下午媽媽帶我和弟弟去看大象表演,星期天的下午媽媽帶我和誰去看大象表演
星期天的下午媽媽帶我和弟弟去看大象表演,星期天的下午媽媽帶我和弟弟去看什麼
大象用鼻子拿起彩色筆畫圖畫了一座高山山下有許多樹,誰用鼻子拿起彩色筆畫圖畫了一座高山山下有許多樹
大象用鼻子拿起彩色筆畫圖畫了一座高山山下有許多樹,大象用什麼拿起彩色筆畫圖畫了一座高山山下有許多樹
大象用鼻子拿起彩色筆畫圖畫了一座高山山下有許多樹,大象用鼻子拿起什麼畫圖畫了一座高山山下有許多樹
大象用鼻子拿起彩色筆畫圖畫了一座高山山下有許多樹,大象用鼻子拿起彩色筆畫圖畫了一座什麼山下有許多樹
大象用鼻子拿起彩色筆畫圖畫了一座高山山下有許多樹,大象用鼻子拿起彩色筆畫圖畫了一座高山哪裡有許多樹
大象用鼻子拿起彩色筆畫圖畫了一座高山山下有許多樹,大象用鼻子拿起彩色筆畫圖畫了一座高山山下有許多什麼
弟弟看了說大象真像個大畫家,誰看了說大象真像個大畫家
弟弟看了說大象真像個大畫家,弟弟看了說誰真像個大畫家
弟弟看了說大象真像個大畫家,弟弟看了說大象真像個誰
有的大象跟著音樂跳舞一邊跳舞一邊向大家要香蕉吃,有的什麼跟著音樂跳舞一邊跳舞一邊向大家要香蕉吃
有的大象跟著音樂跳舞一邊跳舞一邊向大家要香蕉吃,有的大象跟著什麼跳舞一邊跳舞一邊向大家要香蕉吃
有的大象跟著音樂跳舞一邊跳舞一邊向大家要香蕉吃,有的大象跟著音樂跳舞一邊跳舞一邊向誰要香蕉吃
有的大象跟著音樂跳舞一邊跳舞一邊向大家要香蕉吃,有的大象跟著音樂跳舞一邊跳舞一邊向大家要什麼吃
媽媽買了香蕉拿給大象大象拿到香蕉就向媽媽點點頭好像說謝謝,誰買了香蕉拿給大象大象拿到香蕉就向媽媽點點頭好像說謝謝
媽媽買了香蕉拿給大象大象拿到香蕉就向媽媽點點頭好像說謝謝,媽媽買了什麼拿給大象大象拿到香蕉就向媽媽點點頭好像說謝謝
媽媽買了香蕉拿給大象大象拿到香蕉就向媽媽點點頭好像說謝謝,媽媽買了香蕉拿給誰大象拿到香蕉就向媽媽點點頭好像說謝謝
媽媽買了香蕉拿給大象大象拿到香蕉就向媽媽點點頭好像說謝謝,媽媽買了香蕉拿給大象誰拿到香蕉就向媽媽點點頭好像說謝謝
媽媽買了香蕉拿給大象大象拿到香蕉就向媽媽點點頭好像說謝謝,媽媽買了香蕉拿給大象大象拿到什麼就向媽媽點點頭好像說謝謝
媽媽買了香蕉拿給大象大象拿到香蕉就向媽媽點點頭好像說謝謝,媽媽買了香蕉拿給大象大象拿到香蕉就向誰點點頭好像說謝謝
大象的表演真好玩我還想再去看,什麼真好玩我還想再去看
大象的表演真好玩我還想再去看,大象的表演真好玩誰還想再去看
夏天的晚上我們坐在院子裡看天上的星星小星星在天空發出亮光真是好看,何時我們坐在院子裡看天上的星星小星星在天空發出亮光真是好看
夏天的晚上我們坐在院子裡看天上的星星小星星在天空發出亮光真是好看,夏天的晚上誰坐在院子裡看天上的星星小星星在天空發出亮光真是好看
夏天的晚上我們坐在院子裡看天上的星星小星星在天空發出亮光真是好看,夏天的晚上我們坐在什麼裡看天上的星星小星星在天空發出亮光真是好看
夏天的晚上我們坐在院子裡看天上的星星小星星在天空發出亮光真是好看,夏天的晚上我們坐在院子裡看哪裡的星星小星星在天空發出亮光真是好看
夏天的晚上我們坐在院子裡看天上的星星小星星在天空發出亮光真是好看,夏天的晚上我們坐在院子裡看天上的什麼小星星在天空發出亮光真是好看
夏天的晚上我們坐在院子裡看天上的星星小星星在天空發出亮光真是好看,夏天的晚上我們坐在院子裡看天上的星星什麼在天空發出亮光真是好看
夏天的晚上我們坐在院子裡看天上的星星小星星在天空發出亮光真是好看,夏天的晚上我們坐在院子裡看天上的星星小星星在哪裡發出亮光真是好看
夏天的晚上我們坐在院子裡看天上的星星小星星在天空發出亮光真是好看,夏天的晚上我們坐在院子裡看天上的星星小星星在天空發出什麼真是好看
小星星在遠遠的天空一閃一閃的連成了一條星河真是美麗,什麼在遠遠的天空一閃一閃的連成了一條星河真是美麗
小星星在遠遠的天空一閃一閃的連成了一條星河真是美麗,小星星在遠遠的什麼一閃一閃的連成了一條星河真是美麗
小星星在遠遠的天空一閃一閃的連成了一條星河真是美麗,小星星在遠遠的天空一閃一閃的連成了一條什麼真是美麗
天上的星星一共有多少我和弟弟一起數一二三四五六七八九十數來數去數不清,哪裡的星星一共有多少我和弟弟一起數一二三四五六七八九十數來數去數不清
天上的星星一共有多少我和弟弟一起數一二三四五六七八九十數來數去數不清,天上的什麼一共有多少我和弟弟一起數一二三四五六七八九十數來數去數不清
天上的星星一共有多少我和弟弟一起數一二三四五六七八九十數來數去數不清,天上的星星一共有多少誰和弟弟一起數一二三四五六七八九十數來數去數不清
天上的星星一共有多少我和弟弟一起數一二三四五六七八九十數來數去數不清,天上的星星一共有多少我和誰一起數一二三四五六七八九十數來數去數不清
小方在學校裡學會了很多詞語現在他很注意聽大家說的話,誰在學校裡學會了很多詞語現在他很注意聽大家說的話
小方在學校裡學會了很多詞語現在他很注意聽大家說的話,小方在哪裡裡學會了很多詞語現在他很注意聽大家說的話
小方在學校裡學會了很多詞語現在他很注意聽大家說的話,小方在學校裡學會了很多什麼現在他很注意聽大家說的話
小方在學校裡學會了很多詞語現在他很注意聽大家說的話,小方在學校裡學會了很多詞語現在誰很注意聽大家說的話
小方在學校裡學會了很多詞語現在他很注意聽大家說的話,小方在學校裡學會了很多詞語現在他很注意聽誰說的話
小方在學校裡學會了很多詞語現在他很注意聽大家說的話,小方在學校裡學會了很多詞語現在他很注意聽大家說的什麼
他聽到媽媽說我買了一件新衣服很滿意,誰聽到媽媽說我買了一件新衣服很滿意
他聽到媽媽說我買了一件新衣服很滿意,他聽到誰說我買了一件新衣服很滿意
他聽到媽媽說我買了一件新衣服很滿意,他聽到媽媽說誰買了一件新衣服很滿意
他聽到爸爸說我做完一件事很得意,誰聽到爸爸說我做完一件事很得意
他聽到爸爸說我做完一件事很得意,他聽到誰說我做完一件事很得意
他聽到爸爸說我做完一件事很得意,他聽到爸爸說誰做完一件事很得意
他聽到爸爸說我做完一件事很得意,他聽到爸爸說我做完一件什麼很得意
他聽到哥哥說我跟校長一起照相很神氣,誰聽到哥哥說我跟校長一起照相很神氣
他聽到哥哥說我跟校長一起照相很神氣,他聽到誰說我跟校長一起照相很神氣
他聽到哥哥說我跟校長一起照相很神氣,他聽到哥哥說誰跟校長一起照相很神氣
他聽到哥哥說我跟校長一起照相很神氣,他聽到哥哥說我跟誰一起照相很神氣
看來全家人都很開心,看來誰都很開心
小毛蟲真可愛,誰真可愛
爬到樹上吃葉子,爬到哪裡吃葉子
爬到樹上吃葉子,爬到樹上吃什麼
小毛蟲真可愛,誰真可愛
小毛蟲真可愛,誰真可愛
又吃又喝不偷懶快快長大變蝴蝶,又吃又喝不偷懶快快長大變什麼
變成蝴蝶飛呀飛快樂飛在花園中,變成什麼飛呀飛快樂飛在花園中
變成蝴蝶飛呀飛快樂飛在花園中,變成蝴蝶飛呀飛快樂飛在哪裡中
花園裡草綠了花開了,哪裡草綠了花開了
花園裡草綠了花開了,花園裡什麼綠了花開了
花園裡草綠了花開了,花園裡草綠了什麼開了
媽媽說天氣暖和了春天來了,誰說天氣暖和了春天來了
媽媽說天氣暖和了春天來了,媽媽說什麼暖和了春天來了
媽媽說天氣暖和了春天來了,媽媽說天氣暖和了何時來了
弟弟問媽媽春天在哪裡,誰問媽媽春天在哪裡
弟弟問媽媽春天在哪裡,弟弟問誰春天在哪裡
弟弟問媽媽春天在哪裡,弟弟問媽媽何時在哪裡
媽媽說大地開滿了花就是春天來了,誰說大地開滿了花就是春天來了
媽媽說大地開滿了花就是春天來了,媽媽說什麼開滿了花就是春天來了
媽媽說大地開滿了花就是春天來了,媽媽說大地開滿了什麼就是春天來了
媽媽說大地開滿了花就是春天來了,媽媽說大地開滿了花就是何時來了
弟弟又問春天是怎麼來的是坐車來的還是走來的,誰又問春天是怎麼來的是坐車來的還是走來的
弟弟又問春天是怎麼來的是坐車來的還是走來的,弟弟又問何時是怎麼來的是坐車來的還是走來的
媽媽笑著對弟弟說春天不坐車也不走路只要花開了草綠了春天就來了,誰笑著對弟弟說春天不坐車也不走路只要花開了草綠了春天就來了
媽媽笑著對弟弟說春天不坐車也不走路只要花開了草綠了春天就來了,媽媽笑著對誰說春天不坐車也不走路只要花開了草綠了春天就來了
媽媽笑著對弟弟說春天不坐車也不走路只要花開了草綠了春天就來了,媽媽笑著對弟弟說何時不坐車也不走路只要花開了草綠了春天就來了
媽媽笑著對弟弟說春天不坐車也不走路只要花開了草綠了春天就來了,媽媽笑著對弟弟說春天不坐車也不走路只要花開了什麼綠了春天就來了
媽媽笑著對弟弟說春天不坐車也不走路只要花開了草綠了春天就來了,媽媽笑著對弟弟說春天不坐車也不走路只要花開了草綠了何時就來了
有一隻愛唱歌的烏鴉唱得口渴了,有一隻愛唱歌的誰唱得口渴了
烏鴉正想找水喝的時候看見了一個水瓶他很高興,誰正想找水喝的時候看見了一個水瓶他很高興
烏鴉正想找水喝的時候看見了一個水瓶他很高興,烏鴉正想找水喝的時候看見了一個什麼他很高興
烏鴉正想找水喝的時候看見了一個水瓶他很高興,烏鴉正想找水喝的時候看見了一個水瓶誰很高興
可是再看看水瓶裡只有一點點水瓶口又小他喝不到瓶裡的水,可是再看看什麼裡只有一點點水瓶口又小他喝不到瓶裡的水
可是再看看水瓶裡只有一點點水瓶口又小他喝不到瓶裡的水,可是再看看水瓶裡只有一點點什麼瓶口又小他喝不到瓶裡的水
可是再看看水瓶裡只有一點點水瓶口又小他喝不到瓶裡的水,可是再看看水瓶裡只有一點點水什麼又小他喝不到瓶裡的水
可是再看看水瓶裡只有一點點水瓶口又小他喝不到瓶裡的水,可是再看看水瓶裡只有一點點水瓶口又小誰喝不到瓶裡的水
可是再看看水瓶裡只有一點點水瓶口又小他喝不到瓶裡的水,可是再看看水瓶裡只有一點點水瓶口又小他喝不到什麼裡的水
可是再看看水瓶裡只有一點點水瓶口又小他喝不到瓶裡的水,可是再看看水瓶裡只有一點點水瓶口又小他喝不到瓶裡的什麼
小烏鴉想出了一個法子他把許多小石子放到水瓶裡,誰想出了一個法子他把許多小石子放到水瓶裡
小烏鴉想出了一個法子他把許多小石子放到水瓶裡,小烏鴉想出了一個什麼他把許多小石子放到水瓶裡
小烏鴉想出了一個法子他把許多小石子放到水瓶裡,小烏鴉想出了一個法子誰把許多小石子放到水瓶裡
小烏鴉想出了一個法子他把許多小石子放到水瓶裡,小烏鴉想出了一個法子他把許多什麼放到水瓶裡
小烏鴉想出了一個法子他把許多小石子放到水瓶裡,小烏鴉想出了一個法子他把許多小石子放到什麼裡
水瓶裡的水升高了烏鴉就喝到水了,什麼裡的水升高了烏鴉就喝到水了
水瓶裡的水升高了烏鴉就喝到水了,水瓶裡的什麼升高了烏鴉就喝到水了
水瓶裡的水升高了烏鴉就喝到水了,水瓶裡的水升高了誰就喝到水了
水瓶裡的水升高了烏鴉就喝到水了,水瓶裡的水升高了烏鴉就喝到什麼了
有一天爸爸對我們,有一天誰對我們
有一天爸爸對我們,有一天爸爸對誰
說種樹很重要我們一起來種樹吧,說種什麼很重要我們一起來種樹吧
說種樹很重要我們一起來種樹吧,說種樹很重要誰一起來種樹吧
爸爸種的是松樹他說松樹不怕風雨活得長,誰種的是松樹他說松樹不怕風雨活得長
爸爸種的是松樹他說松樹不怕風雨活得長,爸爸種的是什麼他說松樹不怕風雨活得長
爸爸種的是松樹他說松樹不怕風雨活得長,爸爸種的是松樹誰說松樹不怕風雨活得長
爸爸種的是松樹他說松樹不怕風雨活得長,爸爸種的是松樹他說什麼不怕風雨活得長
爸爸種的是松樹他說松樹不怕風雨活得長,爸爸種的是松樹他說松樹不怕什麼活得長
我種了山茶花山茶花很好看,誰種了山茶花山茶花很好看
我種了山茶花山茶花很好看,我種了什麼山茶花很好看
我種了山茶花山茶花很好看,我種了山茶花什麼很好看
弟弟要種香蕉他說香蕉最好吃,誰要種香蕉他說香蕉最好吃
弟弟要種香蕉他說香蕉最好吃,弟弟要種什麼他說香蕉最好吃
弟弟要種香蕉他說香蕉最好吃,弟弟要種香蕉誰說香蕉最好吃
弟弟要種香蕉他說香蕉最好吃,弟弟要種香蕉他說什麼最好吃
媽媽說你們種樹我來澆水樹很快就會長得高又大,誰說你們種樹我來澆水樹很快就會長得高又大
媽媽說你們種樹我來澆水樹很快就會長得高又大,媽媽說誰種樹我來澆水樹很快就會長得高又大
媽媽說你們種樹我來澆水樹很快就會長得高又大,媽媽說你們種樹誰來澆水樹很快就會長得高又大
媽媽說你們種樹我來澆水樹很快就會長得高又大,媽媽說你們種樹我來澆水什麼很快就會長得高又大
有一隻小烏鴉找到一塊肉他叼著這塊肉飛到一棵大樹上小烏鴉正要吃這塊肉時被樹下的狐狸看到了,有一隻誰找到一塊肉他叼著這塊肉飛到一棵大樹上小烏鴉正要吃這塊肉時被樹下的狐狸看到了
有一隻小烏鴉找到一塊肉他叼著這塊肉飛到一棵大樹上小烏鴉正要吃這塊肉時被樹下的狐狸看到了,有一隻小烏鴉找到一塊什麼他叼著這塊肉飛到一棵大樹上小烏鴉正要吃這塊肉時被樹下的狐狸看到了
有一隻小烏鴉找到一塊肉他叼著這塊肉飛到一棵大樹上小烏鴉正要吃這塊肉時被樹下的狐狸看到了,有一隻小烏鴉找到一塊肉誰叼著這塊肉飛到一棵大樹上小烏鴉正要吃這塊肉時被樹下的狐狸看到了
有一隻小烏鴉找到一塊肉他叼著這塊肉飛到一棵大樹上小烏鴉正要吃這塊肉時被樹下的狐狸看到了,有一隻小烏鴉找到一塊肉他叼著這塊什麼飛到一棵大樹上小烏鴉正要吃這塊肉時被樹下的狐狸看到了
有一隻小烏鴉找到一塊肉他叼著這塊肉飛到一棵大樹上小烏鴉正要吃這塊肉時被樹下的狐狸看到了,有一隻小烏鴉找到一塊肉他叼著這塊肉飛到一棵什麼上小烏鴉正要吃這塊肉時被樹下的狐狸看到了
有一隻小烏鴉找到一塊肉他叼著這塊肉飛到一棵大樹上小烏鴉正要吃這塊肉時被樹下的狐狸看到了,有一隻小烏鴉找到一塊肉他叼著這塊肉飛到一棵大樹上誰正要吃這塊肉時被樹下的狐狸看到了
有一隻小烏鴉找到一塊肉他叼著這塊肉飛到一棵大樹上小烏鴉正要吃這塊肉時被樹下的狐狸看到了,有一隻小烏鴉找到一塊肉他叼著這塊肉飛到一棵大樹上小烏鴉正要吃這塊什麼時被樹下的狐狸看到了
有一隻小烏鴉找到一塊肉他叼著這塊肉飛到一棵大樹上小烏鴉正要吃這塊肉時被樹下的狐狸看到了,有一隻小烏鴉找到一塊肉他叼著這塊肉飛到一棵大樹上小烏鴉正要吃這塊肉時被樹下的誰看到了
狐狸也想吃那塊肉就對烏鴉說烏鴉姑娘聽說你的歌聲很好聽你可以唱歌給我聽嗎,誰也想吃那塊肉就對烏鴉說烏鴉姑娘聽說你的歌聲很好聽你可以唱歌給我聽嗎
狐狸也想吃那塊肉就對烏鴉說烏鴉姑娘聽說你的歌聲很好聽你可以唱歌給我聽嗎,狐狸也想吃那塊什麼就對烏鴉說烏鴉姑娘聽說你的歌聲很好聽你可以唱歌給我聽嗎
狐狸也想吃那塊肉就對烏鴉說烏鴉姑娘聽說你的歌聲很好聽你可以唱歌給我聽嗎,狐狸也想吃那塊肉就對誰說烏鴉姑娘聽說你的歌聲很好聽你可以唱歌給我聽嗎
狐狸也想吃那塊肉就對烏鴉說烏鴉姑娘聽說你的歌聲很好聽你可以唱歌給我聽嗎,狐狸也想吃那塊肉就對烏鴉說誰聽說你的歌聲很好聽你可以唱歌給我聽嗎
狐狸也想吃那塊肉就對烏鴉說烏鴉姑娘聽說你的歌聲很好聽你可以唱歌給我聽嗎,狐狸也想吃那塊肉就對烏鴉說烏鴉姑娘聽說誰的歌聲很好聽你可以唱歌給我聽嗎
狐狸也想吃那塊肉就對烏鴉說烏鴉姑娘聽說你的歌聲很好聽你可以唱歌給我聽嗎,狐狸也想吃那塊肉就對烏鴉說烏鴉姑娘聽說你的什麼很好聽你可以唱歌給我聽嗎
狐狸也想吃那塊肉就對烏鴉說烏鴉姑娘聽說你的歌聲很好聽你可以唱歌給我聽嗎,狐狸也想吃那塊肉就對烏鴉說烏鴉姑娘聽說你的歌聲很好聽誰可以唱歌給我聽嗎
狐狸也想吃那塊肉就對烏鴉說烏鴉姑娘聽說你的歌聲很好聽你可以唱歌給我聽嗎,狐狸也想吃那塊肉就對烏鴉說烏鴉姑娘聽說你的歌聲很好聽你可以唱歌給誰聽嗎
烏鴉聽到狐狸說他的歌聲很好聽心裡很高興,誰聽到狐狸說他的歌聲很好聽心裡很高興
烏鴉聽到狐狸說他的歌聲很好聽心裡很高興,烏鴉聽到誰說他的歌聲很好聽心裡很高興
烏鴉聽到狐狸說他的歌聲很好聽心裡很高興,烏鴉聽到狐狸說誰的歌聲很好聽心裡很高興
烏鴉聽到狐狸說他的歌聲很好聽心裡很高興,烏鴉聽到狐狸說他的什麼很好聽心裡很高興
烏鴉聽到狐狸說他的歌聲很好聽心裡很高興,烏鴉聽到狐狸說他的歌聲很好聽哪裡很高興
就開口唱歌想不到一開口口裡叼著的肉就掉到樹下了聰明的狐狸高興的叼著肉走了,就開口唱歌想不到一開口哪裡叼著的肉就掉到樹下了聰明的狐狸高興的叼著肉走了
就開口唱歌想不到一開口口裡叼著的肉就掉到樹下了聰明的狐狸高興的叼著肉走了,就開口唱歌想不到一開口口裡叼著的什麼就掉到樹下了聰明的狐狸高興的叼著肉走了
就開口唱歌想不到一開口口裡叼著的肉就掉到樹下了聰明的狐狸高興的叼著肉走了,就開口唱歌想不到一開口口裡叼著的肉就掉到什麼下了聰明的狐狸高興的叼著肉走了
就開口唱歌想不到一開口口裡叼著的肉就掉到樹下了聰明的狐狸高興的叼著肉走了,就開口唱歌想不到一開口口裡叼著的肉就掉到樹下了聰明的誰高興的叼著肉走了
就開口唱歌想不到一開口口裡叼著的肉就掉到樹下了聰明的狐狸高興的叼著肉走了,就開口唱歌想不到一開口口裡叼著的肉就掉到樹下了聰明的狐狸高興的什麼走了
我是一隻小蝸牛,誰是一隻小蝸牛
我是一隻小蝸牛,我是一隻誰
我有一個可愛的家,誰有一個可愛的家
我有一個可愛的家,我有一個可愛的什麼
我的家小小的只有一個房間,誰的家小小的只有一個房間
我的家小小的只有一個房間,我的什麼小小的只有一個房間
我的家小小的只有一個房間,我的家小小的只有一個什麼
想請你進來坐坐可是沒地方,想請誰進來坐坐可是沒地方
想請你進來坐坐可是沒地方,想請你進來坐坐可是沒什麼
我每天辛苦的背著小房子走路,誰每天辛苦的背著小房子走路
我背著小房子爬樹,誰背著小房子爬樹
我背著小房子爬樹,我背著小房子爬什麼
我背著小房子找食obj,誰背著小房子找食obj
我背著小房子找食obj,我背著小房子找什麼
下雨了我也躲在我的小房子裡,下雨了誰也躲在我的小房子裡
下雨了我也躲在我的小房子裡,下雨了我也躲在誰的小房子裡
下雨了我也躲在我的小房子裡,下雨了我也躲在我的什麼裡
我一直和我的小房子在一起,誰一直和我的小房子在一起
我一直和我的小房子在一起,我一直和誰的小房子在一起
我天天背著我的家我愛我的家,誰天天背著我的家我愛我的家
我天天背著我的家我愛我的家,我天天背著誰的家我愛我的家
我天天背著我的家我愛我的家,我天天背著我的什麼我愛我的家
我天天背著我的家我愛我的家,我天天背著我的家誰愛我的家
我天天背著我的家我愛我的家,我天天背著我的家我愛誰的家
我天天背著我的家我愛我的家,我天天背著我的家我愛我的什麼
橋的這一頭有一隻白狗,什麼的這一頭有一隻白狗
橋的這一頭有一隻白狗,橋的這一頭有一隻什麼
橋的那一頭有一隻黑狗,誰的那一頭有一隻黑狗
橋的那一頭有一隻黑狗,橋的那一頭有一隻什麼
白狗要過橋黑狗也要過橋,誰要過橋黑狗也要過橋
白狗要過橋黑狗也要過橋,白狗要過橋誰也要過橋
白狗要過橋黑狗也要過橋,白狗要過橋黑狗也要哪裡
誰都不讓誰誰也不肯退後,誰都不讓誰誰也不肯退後
誰都不讓誰誰也不肯退後,誰都不讓誰誰也不肯退後
誰都不讓誰誰也不肯退後,誰都不讓誰誰也不肯退後
兩隻狗打起來都掉到河裡去了,兩隻誰打起來都掉到河裡去了
兩隻狗打起來都掉到河裡去了,兩隻狗打起來都掉到哪裡去了
橋的東邊有一隻白羊,什麼的東邊有一隻白羊
橋的東邊有一隻白羊,橋的東邊有一隻什麼
橋的西邊有一隻黑羊,什麼的西邊有一隻黑羊
橋的西邊有一隻黑羊,橋的西邊有一隻什麼
白羊要過橋黑羊也要過橋,誰要過橋黑羊也要過橋
白羊要過橋黑羊也要過橋,白羊要過什麼黑羊也要過橋
白羊要過橋黑羊也要過橋,白羊要過橋誰也要過橋
白羊要過橋黑羊也要過橋,白羊要過橋黑羊也要哪裡
兩隻羊走到橋中間白羊退回去讓黑羊先過橋,兩隻誰走到橋中間白羊退回去讓黑羊先過橋
兩隻羊走到橋中間白羊退回去讓黑羊先過橋,兩隻羊走到什麼中間白羊退回去讓黑羊先過橋
兩隻羊走到橋中間白羊退回去讓黑羊先過橋,兩隻羊走到橋中間誰退回去讓黑羊先過橋
兩隻羊走到橋中間白羊退回去讓黑羊先過橋,兩隻羊走到橋中間白羊退回去讓誰先過橋
兩隻羊走到橋中間白羊退回去讓黑羊先過橋,兩隻羊走到橋中間白羊退回去讓黑羊先過什麼
白羊等黑羊過了橋再走過去兩隻羊都過橋了,誰等黑羊過了橋再走過去兩隻羊都過橋了
白羊等黑羊過了橋再走過去兩隻羊都過橋了,白羊等誰過了橋再走過去兩隻羊都過橋了
白羊等黑羊過了橋再走過去兩隻羊都過橋了,白羊等黑羊過了什麼再走過去兩隻羊都過橋了
白羊等黑羊過了橋再走過去兩隻羊都過橋了,白羊等黑羊過了橋再走過去兩隻誰都過橋了
白羊等黑羊過了橋再走過去兩隻羊都過橋了,白羊等黑羊過了橋再走過去兩隻羊都過什麼了
放假了我們全家去曼谷玩在曼谷的叔叔開車來接我們,放假了誰全家去曼谷玩在曼谷的叔叔開車來接我們
放假了我們全家去曼谷玩在曼谷的叔叔開車來接我們,放假了我們誰去曼谷玩在曼谷的叔叔開車來接我們
放假了我們全家去曼谷玩在曼谷的叔叔開車來接我們,放假了我們全家去哪裡玩在曼谷的叔叔開車來接我們
放假了我們全家去曼谷玩在曼谷的叔叔開車來接我們,放假了我們全家去曼谷玩在哪裡的叔叔開車來接我們
放假了我們全家去曼谷玩在曼谷的叔叔開車來接我們,放假了我們全家去曼谷玩在曼谷的誰開車來接我們
放假了我們全家去曼谷玩在曼谷的叔叔開車來接我們,放假了我們全家去曼谷玩在曼谷的叔叔開車來接誰
我看到路上有一種車只有三個輪子我好奇的問叔叔那是什麼車,誰看到路上有一種車只有三個輪子我好奇的問叔叔那是什麼車
我看到路上有一種車只有三個輪子我好奇的問叔叔那是什麼車,我看到哪裡有一種車只有三個輪子我好奇的問叔叔那是什麼車
我看到路上有一種車只有三個輪子我好奇的問叔叔那是什麼車,我看到路上有一種什麼只有三個輪子我好奇的問叔叔那是什麼車
我看到路上有一種車只有三個輪子我好奇的問叔叔那是什麼車,我看到路上有一種車只有三個什麼我好奇的問叔叔那是什麼車
我看到路上有一種車只有三個輪子我好奇的問叔叔那是什麼車,我看到路上有一種車只有三個輪子誰好奇的問叔叔那是什麼車
我看到路上有一種車只有三個輪子我好奇的問叔叔那是什麼車,我看到路上有一種車只有三個輪子我好奇的問誰那是什麼車
我看到路上有一種車只有三個輪子我好奇的問叔叔那是什麼車,我看到路上有一種車只有三個輪子我好奇的問叔叔那是什麼什麼
叔叔說那是嘟嘟車,誰說那是嘟嘟車
叔叔說那是嘟嘟車,叔叔說那是什麼
我又問誰可以坐嘟嘟車啊,誰又問誰可以坐嘟嘟車啊
我又問誰可以坐嘟嘟車啊,我又問誰可以坐什麼啊
叔叔笑著說如果我沒開車來接你們你們就可以坐嘟嘟車來我家了,誰笑著說如果我沒開車來接你們你們就可以坐嘟嘟車來我家了
叔叔笑著說如果我沒開車來接你們你們就可以坐嘟嘟車來我家了,叔叔笑著說如果誰沒開車來接你們你們就可以坐嘟嘟車來我家了
叔叔笑著說如果我沒開車來接你們你們就可以坐嘟嘟車來我家了,叔叔笑著說如果我沒開車來接誰你們就可以坐嘟嘟車來我家了
叔叔笑著說如果我沒開車來接你們你們就可以坐嘟嘟車來我家了,叔叔笑著說如果我沒開車來接你們誰就可以坐嘟嘟車來我家了
叔叔笑著說如果我沒開車來接你們你們就可以坐嘟嘟車來我家了,叔叔笑著說如果我沒開車來接你們你們就可以坐什麼來我家了
叔叔笑著說如果我沒開車來接你們你們就可以坐嘟嘟車來我家了,叔叔笑著說如果我沒開車來接你們你們就可以坐嘟嘟車來什麼了
