0,1,2,3,4
人1 + 事1 + ul1,誰 + 事1 + ul1,我起來了,誰起來了,我
人1 + d1 + 事1 + ul1,誰 + d1 + 事1 + ul1,太陽也起來了,誰也起來了,太陽
人1 + d1 + 時1 + v1,誰 + d1 + 時1 + v1,太陽也天天早起,誰也天天早起,太陽
人1 + v1 + v2,誰 + v1 + v2,小方喜歡上學,誰喜歡上學,小方
人1 + v1 + 人2,誰 + v1 + 人2,小方喜歡老師,誰喜歡老師,小方
人1 + v1 + 人2,人1 + v1 + 誰,小方喜歡老師,小方喜歡誰,老師
人1 + d1 + v1 + 人2,人1 + d1 + v1 + 誰,老師也喜歡小方,老師也喜歡誰,小方
人1 + d1 + v1 + 人2,誰 + d1 + v1 + 人2,老師也喜歡小方,誰也喜歡小方,老師
人1 + v1 + 人2,誰 + v1 + 人2,小方喜歡同學,誰喜歡同學,小方
人1 + v1 + 人2,人1 + v1 + 誰,小方喜歡同學,小方喜歡誰,同學
人1 + d1 + v1 + 人2,人1 + d1 + v1 + 誰,同學也喜歡小方,同學也喜歡誰,小方
人1 + d1 + v1 + 人2,誰 + d1 + v1 + 人2,同學也喜歡小方,誰也喜歡小方,同學
人1 + v1 + m1 + 物1,人1 + v1 + m1 + 什麼,我有四本書,我有四本什麼,書
人1 + v1 + m1 + 物1,誰 + v1 + m1 + 物1,我有四本書,誰有四本書,我
人1 + v1 + m1 + 物1,人1 + v1 + m1 + 什麼,我有三枝筆,我有三枝什麼,筆
人1 + v1 + m1 + 物1,誰 + v1 + m1 + 物1,我有三枝筆,誰有三枝筆,我
人1 + v1 + 人2 + v2 + n1,人1 + v1 + 誰 + v2 + n1,媽媽教小方寫字,媽媽教誰寫字,小方
人1 + v1 + 人2 + v2 + n1,誰 + v1 + 人2 + v2 + n1,媽媽教小方寫字,誰教小方寫字,媽媽
人1 + v1 + v2 + n1 + v3 + v4 + n2,誰 + v1 + v2 + n1 + v3 + v4 + n2,媽媽說寫字要用心,誰說寫字要用心,媽媽
物1 + a1,什麼 + a1,大樹高,什麼高,大樹
物1 + a1,什麼 + a1,花兒美,什麼美,花兒
時1 + v1 + 人1 + uj1 + t1,人1 + uj1 + t1 + v1 + 什麼時候,明天是小方的生日,小方的生日是什麼時候,明天
時1 + v1 + 人1 + uj1 + t1,時1 + v1 + 誰 + uj1 + t1,明天是小方的生日,明天是誰的生日,小方
人1 + v1 + n1 + p1 + 人2,誰 + v1 + n1 + p1 + 人2,小方打電話給小亮,誰打電話給小亮,小方
人1 + v1 + n1 + p1 + 人2,人1 + v1 + n1 + p1 + 誰,小方打電話給小亮,小方打電話給誰,小亮
時1 + 人1 + v1 + ul1 + m1 + 事1,人1 + 什麼時候 + v1 + ul1 + m1 + 事1,今天老師說了一個笑話,老師什麼時候說了一個笑話,今天
人1 + v1 + 物1 + p1 + r1,人1 + v1 + 什麼 + p1 + r1,那人問草在哪裡,那人問什麼在哪裡,草
人1 + n1 + v1 + m1 + 物1,誰 + n1 + v1 + m1 + 物1,李爺爺家有三頭大象,誰家有三頭大象,李爺爺
人1 + v1 + 人2 + v2 + 人3 + n1 + v3 + 物1,誰 + v1 + 人2 + v2 + 人3 + n1 + v3 + 物1,爸爸帶我去李爺爺家看大象,誰帶我去李爺爺家看大象,爸爸
人1 + v1 + 人2 + v2 + 人3 + n1 + v3 + 物1,人1 + v1 + 誰 + v2 + 人3 + n1 + v3 + 物1,爸爸帶我去李爺爺家看大象,爸爸帶誰去李爺爺家看大象,我
人1 + v1 + 物1,誰 + v1 + 物1,我喜歡大象,誰喜歡大象,我
人1 + v1 + 物1,人1 + v1 + 什麼,我喜歡大象,我喜歡什麼,大象
v1 + ul1 + 人1 + v2 + 地1,v1 + ul1 + 人1 + v2 + 哪裡,開學了我們走進學校,開學了我們走進哪裡,學校
人1 + v1 + 人2 + v2 + n1,人1 + v1 + 誰 + v2 + n1,老師教我們寫字,老師教誰寫字,我們
人1 + v1 + 人2 + v2 + n1,誰 + v1 + 人2 + v2 + n1,老師教我們寫字,誰教我們寫字,老師
v1 + ul1 + 人1 + c1 + 人2 + m1 + v2,v1 + ul1 + 人1 + c1 + 誰 + m1 + v2,下課了我和同學一起打球,下課了我和誰一起打球,同學
人1 + c1 + 人2 + m1 + v1,人1 + c1 + 誰 + m1 + v1,我和同學一起玩耍,我和誰一起玩耍,同學
v1 + 地1 + v2 + 物1,v1 + 哪裡 + v2 + 物1,爬到樹上吃葉子,爬到哪裡吃葉子,樹上
v1 + 地1 + v2 + 物1,v1 + 地1 + v2 + 什麼,爬到樹上吃葉子,爬到樹上吃什麼,葉子
v1 + 地1 + v2 + v3,v1 + 哪裡 + v2 + v3,爬到樹上去喝水,爬到哪裡去喝水,樹上
v1 + 地1 + v2 + v3,v1 + 地1 + v2 + 什麼,爬到樹上去喝水,爬到樹上去什麼,樹上
時1 + uj1 + 時2,什麼 + uj1 + 時2,夏天的晚上,什麼的晚上,夏天
時1 + uj1 + 時2,時1 + uj1 + 什麼時候,夏天的晚上,夏天的什麼時候,晚上
時1 + uj1 + 時2,哪天 + uj1 + 時2,夏天的晚上,哪天的晚上,夏天
v1 + 地1 + uj1 + 物1,v1 + 哪裡 + uj1 + 物1,看天上的星星,看哪裡的星星,天上
v1 + 地1 + uj1 + 物1,v1 + 地1 + uj1 + 什麼,看天上的星星,看天上的什麼,星星
a1 + 物1 + p1 + 地1 + v1 + n1,a1 + 物1 + p1 + 哪裡 + v1 + n1,小星星在天空發出亮光,小星星在哪裡發出亮光,天空
人1 + c1 + 人2 + m1 + v1,人1 + c1 + 誰 + m1 + v1,我和弟弟一起數,我和誰一起數,弟弟
v1 + 物1 + 物2 + v2 + ul1,v1 + 物1 + 什麼東西 + v2 + ul1,下過雨太陽出來了,下過雨什麼東西出來了,太陽
a1 + uj1 + 物1,a1 + uj1 + 什麼,美麗的虹,美麗的什麼,虹
v1 + m1 + n1 + uj1 + 物1,v1 + m1 + n1 + uj1 + 什麼,是一座七色的橋,是一座七色的什麼,橋
人1 + v1 + ul1 + 物1,誰 + v1 + ul1 + 物1,我種了山茶花,誰種了山茶花,我
人1 + v1 + ul1 + 物1,人1 + v1 + ul1 + 什麼,我種了山茶花,我種了什麼,山茶花
人1 + v1 + v2 + 物1,誰 + v1 + v2 + 物1,弟弟要種香蕉,誰要種香蕉,弟弟
時1 + uj1 + 時2,什麼 + uj1 + 時2,星期天的下午,什麼的下午,星期天
時1 + uj1 + 時2,時1 + uj1 + 什麼時候,星期天的下午,星期天的什麼時候,下午
時1 + uj1 + 時2,哪天 + uj1 + 時2,星期天的下午,哪天的下午,星期天
人1 + v1 + 人2 + c1 + 人3 + v2 + v3 + 人4 + v4,人1 + v1 + 人2 + c1 + 誰 + v2 + v3 + 人4 + v4,媽媽帶我和弟弟去看大象表演,媽媽帶我和誰去看大象表演,弟弟
人1 + v1 + 人2 + c1 + 人3 + v2 + v3 + 人4 + v4,人1 + v1 + 人2 + c1 + 人3 + v2 + v3 + 誰 + v4,媽媽帶我和弟弟去看大象表演,媽媽帶我和弟弟去看誰表演,大象
人1 + v1 + ul1 + 物1 + v2 + p1 + 人2,人1 + v1 + ul1 + 什麼 + v2 + p1 + 人2,媽媽買了香蕉拿給大象,媽媽買了什麼拿給大象,香蕉
人1 + v1 + ul1 + 物1 + v2 + p1 + 人2,人1 + v1 + ul1 + 物1 + v2 + p1 + 誰,媽媽買了香蕉拿給大象,媽媽買了香蕉拿給誰,大象
v1 + ul1 + m1 + 物1,v1 + ul1 + m1 + 什麼,看見了一個水瓶,看見了一個什麼,水瓶
人1 + vg1 + v1 + 物1 + f1 + uj1 + 物2,人1 + vg1 + v1 + 物1 + f1 + uj1 + 什麼,他喝不到瓶裡的水,他喝不到瓶裡的什麼,水
v1 + ul1 + m1 + 物1,v1 + ul1 + m1 + 什麼,學會了很多詞語,學會了很多什麼,詞語
人1 + p1 + 地1 + s1,誰 + p1 + 地1 + s1,我在動物園門口,誰在動物園門口,我
人1 + d1 + u1 + 物1,人1 + d1 + u1 + 什麼,他們也來看動物,他們也來看什麼,動物
a1 + 人1 + v1 + v2 + 人2 + uj1 + n1,a1 + 人1 + v1 + v2 + 誰 + uj1 + n1,小猴子喜歡學人的動作,小猴子喜歡學誰的動作,人
人1 + v1 + m1 + a1 + uj1 + 物1,人1 + v1 + m1 + a1 + uj1 + 什麼,我有一個可愛的家,我有一個可愛的什麼,家
人1 + v1 + a1 + 物1 + v2 + 物2,人1 + v1 + a1 + 物1 + v2 + 什麼,我背著小房子爬樹,我背著小房子爬什麼,樹
人1 + v1 + a1 + 物1 + v2 + 物2,人1 + v1 + a1 + 物1 + v2 + 什麼,我背著小房子找食物,我背著小房子找什麼,食物
v1 + 人1 + 時1 + a1 + n1,v1 + 人1 + 哪天 + a1 + n1,告訴你今天好天氣,告訴你哪天好天氣,今天
m1 + v1 + p1 + 地1 + f1,m1 + p1 + 地1 + f1 + 什麼,一起散步在公園裡,一起在公園裡什麼,公園
人1 + zg1 + r1 + v1 + o1 + 物1,人1 + zg1 + r1 + v1 + 什麼 + 物1,叔叔說那是嘟嘟車,叔叔說那是什麼車,車
n1 + 人1 + v1 + a1 + 事1,n1 + 人1 + v1 + a1 + 什麼,新學期我有新希望,新學期我有新什麼,希望
人1 + v1 + p1 + 地1 + v2 + z1 + uj1 + 物1,人1 + v1 + p1 + 哪裡 + v2 + z1 + uj1 + 物1,我站在山上看到高高低低的山,我站在哪裡看到高高低低的山,山上
地1 + uj1 + 物1 + v1 + ul1,地1 + uj1 + 什麼 + v1 + ul1,山下的河流變小了,山下的什麼變小了,河流
物1 + d1 + v1 + a1 + ul1,什麼 + d1 + v1 + a1 + ul1,房屋也變小了,什麼也變小了,房屋
人1 + v1 + ul1 + m1 + 物1,人1 + v1 + ul1 + m1 + 什麼,我畫了一張畫,我畫了一張什麼,畫
人1 + p1 + 物1 + v1 + p2 + 物2 + f1 + ul1,人1 + p1 + 什麼 + v1 + p2 + 物2 + f1 + ul1,我把大自然畫在紙上了,我把什麼畫在紙上了,大自然
人1 + p1 + p2 + s1 + v1,誰 + p1 + p2 + s1 + v1,小鵝跟在後頭走,誰跟在後頭走,小鵝
人1 + v1 + 物1 + v2 + v3,人1 + v1 + 什麼 + v2 + v3,小鵝看花不想走,小鵝看什麼不想走,花
人1 + v1 + m1 + 物1,人1 + v1 + m1 + 什麼,我有一個洋娃娃,我有一個什麼,洋娃娃
人1 + v1 + m1 + 物1,誰 + v1 + m1 + 物1,我有一個洋娃娃,誰有一個洋娃娃,我
物1 + a1,什麼 + a1,腿兒長長,什麼長長,腿兒
物1 + a1,什麼 + a1,眼睛大,什麼大,眼睛
時1 + 物1 + s1 + v1 + m1 + 物2,什麼時候 + 物1 + s1 + v1 + m1 + 物2,清早蜘蛛網上有許多水珠,什麼時候蜘蛛網上有許多水珠,清早
人1 + c1 + 人2 + v1 + ul1 + m1 + 物1,誰 + c1 + 人1 + v1 + ul1 + m1 + 物1,我和姐姐做了一張卡片,誰和我做了一張卡片,我
人1 + c1 + 人2 + v1 + ul1 + m1 + 物1,人1 + c1 + 誰 + v1 + ul1 + m1 + 物1,我和姐姐做了一張卡片,我和誰做了一張卡片,姐姐
物1 + v1 + a1,什麼 + v1 + a1,長針走得快,什麼走得快,長針
物1 + v1 + a1,什麼 + v1 + a1,短針走得慢,什麼走得慢,短針
人1 + v1 + a1 + 時1 + uj1 + 人2 + d1 + a2,誰 + v1 + a1 + 時1 + uj1 + 人2 + d1 + a2,老師說古時候的人很聰明,誰說古時候的人很聰明,老師
人1 + n1 + 物1 + v1 + 時1,人1 + n1 + 什麼 + v1 + 時1,古人利用影子看時間,古人利用什麼看時間,影子
v1 + n1 + v2 + 物1 + d1 + ud1 + d2,v1 + n1 + v2 + 什麼 + d1 + ud1 + d2,游起水來身子挺得直,游起水來什麼挺得直,身子
l1 + 物1 + v1 + ud1 + a1,l1 + 什麼 + v1 + ud1 + a1,走起路來脖子伸得長,走起路來什麼伸得長,脖子
ug1 + ul1 + m1 + n1 + 物1 + d1 + v1 + v2 + a1,ug1 + ul1 + m1 + n1 + 物1 + d1 + v1 + v2 + 如何,過了幾個月橘子就會變黃,過了幾個月橘子就會變如何,橘子
人1 + v1 + v2 + 地1,人1 + v1 + v2 + 哪裡,我喜歡去外婆家,我喜歡去哪裡,外婆家
人1 + v1 + p1 + 人2,人1 + v1 + p1 + 誰,小蟲寫信給螞蟻,小蟲寫信給誰,螞蟻
人1 + v1 + p1 + 人2,誰 + v1 + p1 + 人2,小蟲寫信給螞蟻,誰寫信給螞蟻,小蟲
人1 + v1 + 人2 + uj1 + 物1,誰 + v1 + 人2 + uj1 + 物1,螞蟻收到他的信,誰收到他的信,螞蟻
人1 + v1 + 人2 + uj1 + 物1,人1 + v1 + 人2 + uj1 + 什麼,螞蟻收到他的信,螞蟻收到他的什麼,信
p1 + 地1 + uj1 + 物1 + v1 + zg1,p1 + 地1 + uj1 + 什麼 + v1 + zg1,把天上的仙桃摘下來,把天上的什麼摘下來,仙桃
p1 + 地1 + uj1 + 物1 + v1 + zg1,p1 + 哪裡 + uj1 + 物1 + v1 + zg1,把天上的仙桃摘下來,把哪裡的仙桃摘下來,天上
人1 + v1 + 物1 + a1 + uj1 + n1,人1 + v1 + 誰 + uj1 + a1 + n1,大家聽到小河快樂的歌聲,大家聽到誰的快樂歌聲,大家
時1 + 時2,什麼時候 + 時2,星期日早上,什麼時候早上,星期日
人1 + v1 + 人2 + c1 + 人3 + v2 + v3,人1 + v1 + 人2 + c1 + 誰 + v2 + v3,媽媽帶我和妹妹去拜拜,媽媽帶我和誰去拜拜,妹妹
人1 + v1 + 人2 + c1 + 人3 + v2 + v3,誰 + v1 + 人2 + c1 + 人3 + v2 + v3,媽媽帶我和妹妹去拜拜,誰帶我和妹妹去拜拜,媽媽
v1 + ul1 + 地1,v1 + ul1 + 哪裡,到了佛寺,到了哪裡,佛寺
d1 + v1 + 人1 + v2 + 物1,d1 + v1 + 人1 + v2 + 什麼,也沒有人穿拖鞋,也沒有人穿什麼,拖鞋
人1 + v1 + 物1 + v2 + v3,人1 + v1 + 什麼 + v2 + v3,大家光著腳走進去,大家光著什麼走進去,腳
v1 + 人1 + v2 + 人2,v1 + 誰 + v2 + 人2,希望佛祖保護大家,希望誰保護大家,佛祖
人1 + v1 + v2,誰 + v1 + v2,大自然會說話,誰會說話,大自然
p1 + 人1 + v1 + 物1 + z1,p1 + 人1 + v1 + 物1 + 如何,當你看到天空潔淨,當你看到天空如何,天空
人1 + c1 + v1 + v2 + 事1,人1 + c1 + v1 + v2 + 什麼,你可以計畫去旅遊,你可以計畫去什麼,旅遊
d1 + v1 + d2 + v2 + 物1,d1 + v1 + d1 + v2 + 什麼,一邊拔草一邊玩泥土,一邊拔草玩什麼,泥土
人1 + v1 + 物1,誰 + v1 + 物1,爸爸舉起香,誰舉起香,爸爸
人1 + v1 + 物1,人1 + v1 + 什麼,爸爸舉起香,爸爸舉起什麼,香
v1 + an1 + 人1 + i1,v1 + an1 + 人1 + 如何,遇到困難我垂頭喪氣,遇到困難我如何,我
v1 + 人1 + 人2 + v2 + r1 + an1 + v3 + 人3 + v4 + v5 + 人4,v1 + 人1 + 人1 + 人2 + 人2 + v2 + r1 + v3 + 誰 + v4 + v5,告訴我你有什麼困難讓我來幫助你,告訴我你有什麼讓誰來幫助,我
人1 + uj1 + 物1 + v1 + 物2,人1 + uj1 + 物1 + v1 + 什麼,他的身體變成山脈,他的身體變成什麼,山脈
物1 + v1 + 物2,物1 + v1 + 什麼,骨頭變成石頭,骨頭變成什麼,石頭
人1 + v1 + 人2 + uj1 + 物1 + v2 + ul1 + m1 + v3,人1 + v1 + 誰 + uj1 + 物1 + v2 + ul1 + m1 + v3,老虎聽到狐狸的聲音嚇了一跳,老虎聽到誰的聲音嚇了一跳,狐狸
人1 + d1 + v1 + v2 + 人2,誰 + d1 + v1 + v2 + 人2,山羊很想當科學家,誰很想當科學家,山羊
r1 + 人1 + uj1 + 事1 + d1 + v1 + v2,r1 + 人1 + uj1 + 事1 + d1 + v1 + 如何,這樣你的研究才會有用,這樣你的研究才會如何,研究
r1 + uj1 + 人1 + a1 + n1 + v1 + 人2,r1 + uj1 + 人1 + a1 + n1 + v1 + 誰,這裡的小朋友大部分是孤兒,這裡的小朋友大部分是誰,孤兒
r1 + uj1 + 人1 + a1 + n1 + v1 + 人2,r1 + uj1 + 誰 + a1 + n1 + v1 + 人2,這裡的小朋友大部分是孤兒,這裡的誰大部分是孤兒,小朋友
人1 + v1 + 人2,誰 + v1 + 人2,他們沒有父母,誰沒有父母,他們
人1 + v1 + 人2,人1 + v1 + 誰,他們沒有父母,他們沒有誰,父母
人1 + v1 + r1 + p1 + r2 + uj1 + 人2 + v2 + 人3 + uj2 + 人4 + 人5 + v3,誰 + v1 + r1 + p1 + r2 + uj1 + 人2 + v2 + 人3 + uj1 + 人4 + 人5 + v3,院長希望我們把這裡的小朋友當成自己的弟弟妹妹看待,誰希望我們把這裡的小朋友當成自己弟弟妹妹看待,院長
人1 + v1 + r1 + p1 + r2 + uj1 + 人2 + v2 + 人3 + uj2 + 人4 + 人5 + v3,人1 + v1 + 誰 + p1 + r2 + uj1 + 人2 + v2 + 人3 + uj1 + 人4 + 人5 + v3,院長希望我們把這裡的小朋友當成自己的弟弟妹妹看待,院長希望誰把這裡的小朋友當成自己弟弟妹妹看待,院長
人1 + v1 + 人2 + d1 + v2 + 人3 + uj1 + 物1,人1 + v1 + 誰 + d1 + v2 + 人3 + uj1 + 物1,小朋友看見我們就扯扯保母的衣角,小朋友看見誰就扯扯保母的衣角,我們
人1 + v1 + 人2 + d1 + v2 + 人3 + uj1 + 物1,人1 + v1 + 人2 + d1 + v2 + 人3 + uj1 + 什麼,小朋友看見我們就扯扯保母的衣角,小朋友看見我們就扯扯保母的什麼,衣角
人1 + v1 + 人2 + d1 + v2 + 人3 + uj1 + 物1,人1 + v1 + 人2 + d1 + v2 + 誰 + uj1 + 物1,小朋友看見我們就扯扯保母的衣角,小朋友看見我們就扯扯誰的衣角,保母
人1 + v1 + 人2 + d1 + v2 + 人3 + uj1 + 物1,誰 + v1 + 人2 + d1 + v2 + 人3 + uj1 + 物1,小朋友看見我們就扯扯保母的衣角,誰看見我們就扯扯保母的衣角,小朋友
n1 + v1 + 人1 + v2 + v3 + c1 + 人2 + v4 + n2 + uj1,誰 + v1 + 人1 + v2 + v3 + c1 + 人2 + v4 + n2 + uj1,保母說他們是來和你們做朋友的,誰說他們是來和你們做朋友的,他們
v1 + uj1 + 人1 + d1 + v2 + 物1 + v3 + 人2 + uj2 + 物2,v1 + uj1 + 誰 + d1 + v2 + 物1 + v3 + 人2 + uj1 + 物2,可愛的小朋友就伸出小手拉住我們的手,可愛的誰就伸出小手拉住我們手,小朋友
v1 + uj1 + 人1 + d1 + v2 + 物1 + v3 + 人2 + uj2 + 物2,v1 + uj1 + uj1 + 人1 + d1 + v2 + 物1 + v3 + 人2 + 什麼,可愛的小朋友就伸出小手拉住我們的手,可愛的小朋友就伸出小手拉住我們什麼,手
v1 + uj1 + 人1 + d1 + v2 + 物1 + v3 + 人2 + uj2 + 物2,v1 + uj1 + 人1 + d1 + v2 + 什麼 + v3 + 人2 + uj1 + 物2,可愛的小朋友就伸出小手拉住我們的手,可愛的小朋友就伸出什麼拉住我們手,小手
v1 + m1 + 人1 + v2 + ug1 + v3 + v4 + p1 + r1 + s1,v1 + m1 + 誰 + v2 + ug1 + v3 + v4 + p1 + r1 + s1,有一個小女孩跑過來撲在我身上,有一個誰跑過來撲在我身上,小女孩
v1 + m1 + 人1 + v2 + ug1 + v3 + v4 + p1 + r1 + s1,v1 + m1 + 人1 + v2 + ug1 + v3 + v4 + p1 + 誰 + s1,有一個小女孩跑過來撲在我身上,有一個小女孩跑過來撲在誰身上,小女孩
d1 + v1 + v2 + r1 + uj1 + 人1 + r2,d1 + v1 + v2 + r1 + uj1 + 誰 + r2,就像拉著自己的妹妹一樣,就像拉著自己的誰一樣,妹妹
事1 + uj1 + n1 + 人1 + uj2 + n2 + s1 + v1 + v2 + 人2 + v3 + r1 + uj3 + n3,事1 + uj1 + n1 + 誰 + uj1 + n2 + s1 + v1 + v2 + 人2 + v3 + r1 + uj1 + n3,回家的時候我的腦海中浮現出他們渴望有家的樣子,回家的時候誰腦海中浮現出他們渴望有家樣子,我
事1 + uj1 + n1 + 人1 + uj2 + n2 + s1 + v1 + v2 + 人2 + v3 + r1 + uj3 + n3,事1 + uj1 + n1 + 人1 + uj1 + n2 + s1 + v1 + v2 + 誰 + v3 + r1 + uj1 + n3,回家的時候我的腦海中浮現出他們渴望有家的樣子,回家的時候我腦海中浮現出誰渴望有家樣子,他們
人1 + uj1 + v1 + q1 + d1 + p1 + 人2 + uj2 + s1 + v2,人1 + uj1 + v1 + q1 + d1 + p1 + 誰 + uj1 + s1 + v2,小女孩的呼喚聲也在我的耳邊響起,小女孩的呼喚聲也在誰耳邊響起,我
人1 + uj1 + v1 + q1 + d1 + p1 + 人2 + uj2 + s1 + v2,誰 + uj1 + v1 + q1 + d1 + p1 + 人2 + uj1 + s1 + v2,小女孩的呼喚聲也在我的耳邊響起,誰的呼喚聲也在我耳邊響起,小女孩
人1 + d1 + p1 + 人2 + zg1,誰 + d1 + p1 + 人2 + zg1,父母親常對子女說,誰常對子女說,父母親
人1 + d1 + p1 + 人2 + zg1,人1 + d1 + p1 + 誰 + zg1,父母親常對子女說,父母親常對誰說,子女
事1 + v1 + a1 + df1 + v2 + ng1,什麼事情 + v1 + a1 + df1 + v2 + ng1,做人要誠實不要說謊,什麼事情要誠實不要說謊,做人
人1 + d1 + p1 + 人2 + v1,誰 + d1 + p1 + 人2 + v1,老師也常對學生說,誰也常對學生說,老師
人1 + d1 + p1 + 人2 + v1,人1 + d1 + p1 + 誰 + v1,老師也常對學生說,老師也常對誰說,學生
人1 + d1 + v1 + 人2,人1 + d1 + v1 + 誰,我又問母親,我又問誰,母親
人1 + d1 + v1 + 人2,誰 + d1 + v1 + 人2,我又問母親,誰又問母親,我
人1 + a1 + 人2 + d1 + v1 + p1 + 人3 + v2 + n1,誰 + a1 + 人2 + d1 + v1 + p1 + 人1 + v2 + n1,你誠實我就喜歡跟你做朋友,誰誠實我就喜歡跟你做朋友,你
人1 + a1 + 人2 + d1 + v1 + p1 + 人3 + v2 + n1,人1 + a1 + 誰 + d1 + v1 + p1 + 人1 + v2 + n1,你誠實我就喜歡跟你做朋友,你誠實誰就喜歡跟做朋友,我
人1 + d1 + a1 + 人2 + d2 + d3 + v1 + p1 + 人3 + v2 + n1,人1 + d1 + a1 + 誰 + d2 + d1 + v1 + p1 + 人1 + v2 + n1,你不誠實我就不喜歡跟你做朋友,你不誠實誰就喜歡跟做朋友,我
人1 + d1 + a1 + 人2 + d2 + d3 + v1 + p1 + 人3 + v2 + n1,誰 + d1 + a1 + 人2 + d2 + d1 + v1 + p1 + 人1 + v2 + n1,你不誠實我就不喜歡跟你做朋友,誰不誠實我就喜歡跟你做朋友,你
人1 + d1 + nr1 + nr2 + r1 + v1 + a1 + ul1,誰 + d1 + nr1 + nr2 + r1 + v1 + a1 + ul1,我終於明白什麼是誠實了,誰終於明白什麼是誠實了,我
a1 + uj1 + 人1 + d1 + l1 + d2 + v1 + a2 + n1 + d3 + v2 + 人2,a1 + uj1 + 誰 + d1 + l1 + d2 + v1 + a2 + n1 + d2 + v2 + 人1,誠實的人就是說到做到不說假話不騙人,誠實的誰就是說到做到不說假話騙人,人
人1 + v1 + n1 + f1 + uj1 + 人2,誰 + v1 + n1 + f1 + uj1 + 人2,夸父是巨人族裡的英雄,誰是巨人族裡的英雄,夸父
人1 + 事1 + v1 + v2 + uj1 + m1,人1 + 什麼事情 + v1 + v2 + uj1 + m1,他跑步像飛的一樣,他什麼事情像飛的一樣,跑步
人1 + v1 + v2 + v3 + n1,誰 + v1 + v2 + v3 + n1,夸父決定去找太陽,誰決定去找太陽,夸父
人1 + v1 + s1 + uj1 + n1 + 物1,誰 + v1 + s1 + uj1 + n1 + 物1,夸父拿著手上的大木棒,誰拿著手上的大木棒,夸父
人1 + v1 + n1 + uj1 + n2 + v2,誰 + v1 + n1 + uj1 + n2 + v2,他使出全身的力量跑,誰使出全身的力量跑,他
人1 + v1 + y1 + v2 + y2,誰 + v1 + y1 + v1 + y1,他跑啊跑啊,誰跑啊,他
m1 + d1 + p1 + 物1 + vg1 + n1 + ul1,m1 + d1 + p1 + 什麼 + vg1 + n1 + ul1,一下子就把河水喝光了,一下子就把什麼喝光了,河水
人1 + v1 + ul1 + 物1,誰 + v1 + ul1 + 物1,夸父喝光了河水,誰喝光了河水,夸父
人1 + v1 + ul1 + 物1,人1 + v1 + ul1 + 什麼,夸父喝光了河水,夸父喝光了什麼,河水
人1 + v1 + p1 + s1 + uj1 + n1 + 物1,誰 + v1 + p1 + s1 + uj1 + n1 + 物1,夸父丟在身旁的大木棒,誰丟在身旁的大木棒,夸父
m1 + 人1 + d1 + v1 + 物1,m1 + 人1 + d1 + v1 + 什麼,一個和尚很有錢,一個和尚很有什麼,錢
人1 + v1 + c1 + v2 + 物1,誰 + v1 + c1 + v2 + 物1,我想只要有決心,誰想只要有決心,我
人1 + v1 + c1 + v2 + 物1,人1 + v1 + c1 + v2 + 什麼東西,我想只要有決心,我想只要有什麼東西,決心
人1 + d1 + v1 + v2 + v3,誰 + d1 + v1 + v2 + v3,窮和尚就下定決心,誰就下定決心,窮和尚
d1 + v1 + ul1 + 物1 + c1 + 物2,d1 + v1 + ul1 + 什麼東西 + c1 + 物2,只帶了缽和木杖,只帶了什麼東西和木杖,缽
d1 + v1 + ul1 + 物1 + c1 + 物2,d1 + v1 + ul1 + 物1 + c1 + 什麼東西,只帶了缽和木杖,只帶了缽和什麼東西,木杖
人1 + v1 + m1 + 物1,人1 + v1 + m1 + 什麼,他靠著兩條腿,他靠著兩條什麼,腿
人1 + v1 + m1 + 物1,誰 + v1 + m1 + 物1,他靠著兩條腿,誰靠著兩條腿,他
d1 + v1 + 物1,d1 + v1 + 什麼,就拿著缽,就拿著什麼,缽
v1 + m1 + a1 + uj1 + 物1 + v2,v1 + m1 + a1 + uj1 + 什麼 + v2,要一些粗糙的食物吃,要一些粗糙的什麼吃,食物
v1 + m1 + 物1 + v2 + ul1,v1 + m1 + 什麼東西 + v2 + ul1,取得一些經書回來了,取得一些什麼東西回來了,經書
c1 + 人1 + d1 + p1 + 事1,c1 + 人1 + d1 + p1 + 什麼事情,而富和尚還在計畫,而富和尚還在什麼事情,計畫
c1 + 人1 + d1 + p1 + 事1,c1 + 誰 + d1 + p1 + 事1,而富和尚還在計畫,而誰還在計畫,富和尚
vn1 + m1 + 物1,vn1 + m1 + 什麼,出產很多水果,出產很多什麼,水果
v1 + 物1 + c1 + v2 + n1 + 物2,v1 + 物1 + c1 + v2 + n1 + 什麼,打開外皮可以看到白色果肉,打開外皮可以看到白色什麼,果肉
v1 + 物1 + c1 + v2 + n1 + 物2,v1 + 什麼 + c1 + v2 + n1 + 物2,打開外皮可以看到白色果肉,打開什麼可以看到白色果肉,外皮
c1 + s1 + d1 + d2 + 物1,c1 + s1 + d1 + d2 + 什麼,可是世上最獨特的水果,可是世上最獨特的什麼,水果
物1 + a1 + ul1 + m1 + p1 + a2 + uj1 + 物2,什麼東西 + a1 + ul1 + m1 + p1 + a2 + uj1 + 物2,外皮長了一根根尖利的刺,什麼東西長了一根根尖利的刺,外皮
物1 + f1 + v1 + d1 + v2,什麼東西 + f1 + v1 + d1 + v2,榴槤外表並不好看,什麼東西外表並不好看,榴槤
c1 + f1 + uj1 + 物1,c1 + f1 + uj1 + 什麼東西,但是裡面的果肉,但是裡面的什麼東西,果肉
v1 + r1 + uj1 + 人1,v1 + r1 + uj1 + 誰,喜歡它的人,喜歡它的誰,人
v1 + r1 + v2 + n1 + d1 + v3 + uj1 + 物1,v1 + r1 + v2 + n1 + d1 + v3 + uj1 + 什麼,說這是全世界最好吃的水果,說這是全世界最好吃的什麼,水果
d1 + v1 + r1 + uj1 + 人1,d1 + v1 + r1 + uj1 + 誰,不喜歡它的人,不喜歡它的誰,人
m1 + v1 + 物1,m1 + v1 + 什麼東西,一聞到榴槤,一聞到什麼東西,榴槤
d1 + v1 + 物1 + v2,d1 + v1 + 什麼 + v2,就掩著鼻子離開,就掩著什麼離開,鼻子
物1 + d1 + v1 + n1,什麼東西 + d1 + v1 + n1,聽說榴槤很有營養,什麼東西很有營養,聽說榴槤
物1 + uj1 + 物2 + v1 + a1 + n1,什麼東西 + uj1 + 物2 + v1 + a1 + n1,山竹的外皮是深紅色,什麼東西的外皮是深紅色,山竹
物1 + uj1 + 物2 + v1 + a1 + n1,物1 + uj1 + 什麼 + v1 + a1 + n1,山竹的外皮是深紅色,山竹的什麼是深紅色,外皮
物1 + d1 + v1 + a1 + uj1 + 物2,什麼東西 + d1 + v1 + a1 + uj1 + 物2,波羅蜜也是神奇的水果,什麼東西也是神奇的水果,波羅蜜
物1 + d1 + v1 + a1 + uj1 + 物2,物1 + d1 + v1 + a1 + uj1 + 什麼,波羅蜜也是神奇的水果,波羅蜜也是神奇的什麼,水果
m1 + m2 + 物1 + v1 + m3 + m4,m1 + m2 + 什麼東西 + v1 + m3 + m4,一個波羅蜜有十斤左右,一個什麼東西有十斤左右,波羅蜜
d1 + v1 + m1 + b1 + uj1 + 物1,d1 + v1 + m1 + b1 + uj1 + 什麼,只靠著一根短小的蒂,只靠著一根短小的什麼,蒂
v1 + p1 + v2 + f1 + v3 + 物1 + nr1,v1 + p1 + v2 + f1 + v3 + 什麼 + nr1,可以稱得上是水果王國,可以稱得上是什麼王國,水果
v1 + 人1 + s1 + a1 + a2 + ul1 + 物1,v1 + 人1 + s1 + a1 + a2 + ul1 + 什麼,像是怪獸身上長滿了鱗片,像是怪獸身上長滿了什麼,鱗片
v1 + 人1 + s1 + a1 + a2 + ul1 + 物1,v1 + 誰 + s1 + a1 + a2 + ul1 + 物1,像是怪獸身上長滿了鱗片,像是誰身上長滿了鱗片,怪獸
q1 + uj1 + 物1,q1 + uj1 + 什麼東西,朵朵的浪花,朵朵的什麼東西,浪花
v1 + n1 + a1 + 物1 + uj1 + 人1,v1 + n1 + a1 + 物1 + uj1 + 誰,像穿著白戰衣的勇士,像穿著白戰衣的誰,勇士
r1 + a1 + uj1 + 物1,r1 + a1 + uj1 + 什麼,這種美麗的景色,這種美麗的什麼,景色
s1 + v1 + uj1 + v2 + v3 + uj2 + 物1,s1 + v1 + uj1 + uj1 + v2 + v3 + 什麼,耳邊聽到的是呼呼的風聲,耳邊聽到的是呼呼什麼,風聲
v1 + 人1 + v2 + d1 + d2 + a1,v1 + 誰 + v2 + d1 + d2 + a1,讓我覺得大自然真偉大,讓誰覺得大自然真偉大,我
n1 + uj1 + 人1 + p1 + 物1 + v1 + 人2 + 事1,n1 + uj1 + 人1 + p1 + 什麼 + v1 + 人2 + 事1,旅社的服務員用電話叫我們起床,旅社的服務員用什麼叫我們起床,電話
n1 + uj1 + 人1 + p1 + 物1 + v1 + 人2 + 事1,n1 + uj1 + 人1 + p1 + 物1 + v1 + 人2 + 什麼事情,旅社的服務員用電話叫我們起床,旅社的服務員用電話叫我們什麼事情,起床
n1 + uj1 + 人1 + p1 + 物1 + v1 + 人2 + 事1,n1 + uj1 + 誰 + p1 + 物1 + v1 + 人2 + 事1,旅社的服務員用電話叫我們起床,旅社的誰用電話叫我們起床,服務員
人1 + v1 + ul1 + a1 + uj1 + 物1,人1 + v1 + ul1 + a1 + uj1 + 什麼,我們吃了簡便的早餐,我們吃了簡便的什麼,早餐
人1 + v1 + ul1 + a1 + uj1 + 物1,誰 + v1 + ul1 + a1 + uj1 + 物1,我們吃了簡便的早餐,誰吃了簡便的早餐,我們
z1 + 事1 + 事2,z1 + 事1 + 什麼事情,靜靜等待日出,靜靜等待什麼事情,日出
事1 + uj1 + 物1 + d1 + v1 + ul1,事1 + uj1 + 什麼 + d1 + v1 + ul1,日出的奇景就要登場了,日出的什麼就要登場了,奇景
v1 + s1 + uj1 + 物1 + v2 + 物2,v1 + s1 + uj1 + 什麼 + v2 + 物2,看到天上的灰雲轉換成紫雲,看到天上的什麼轉換成紫雲,灰雲
v1 + s1 + uj1 + 物1 + v2 + 物2,v1 + s1 + uj1 + 物1 + v2 + 什麼,看到天上的灰雲轉換成紫雲,看到天上的灰雲轉換什麼,成紫雲
物1 + d1 + v1 + d2 + 物2,物1 + d1 + v1 + d2 + 什麼,紫雲又轉換成紅雲,紫雲又轉換成什麼,紅雲
物1 + d1 + v1 + d2 + 物2,什麼 + d1 + v1 + d2 + 物2,紫雲又轉換成紅雲,什麼又轉換成紅雲,紫雲
物1 + d1 + v1 + n1 + uj1 + 物2,什麼 + d1 + v1 + n1 + uj1 + 物2,紅雲漸漸變成橘色的雲,什麼漸漸變成橘色的雲,紅雲
物1 + d1 + v1 + n1 + uj1 + 物2,物1 + d1 + v1 + n1 + uj1 + 什麼,紅雲漸漸變成橘色的雲,紅雲漸漸變成橘色的什麼,雲
物1 + uj1 + m1 + v1 + n1 + nr1,什麼 + uj1 + m1 + v1 + n1 + nr1,雲的四周閃耀著金光,什麼的四周閃耀著金光,雲
v1 + m1 + z1 + uj1 + 物1,v1 + m1 + z1 + uj1 + 什麼,升起一個圓圓的火球,升起一個圓圓的什麼,火球
n1 + uj1 + r1 + s1 + 物1 + v1,n1 + uj1 + r1 + s1 + 什麼 + v1,山的另一邊白雲湧起,山的另一邊什麼湧起,白雲
人1 + d1 + v1 + 人2 + uj1 + 物1,誰 + d1 + v1 + 人2 + uj1 + 物1,爺爺常牽著我的手,誰常牽著我的手,爺爺
人1 + d1 + v1 + 人2 + uj1 + 物1,人1 + d1 + v1 + 誰 + uj1 + 物1,爺爺常牽著我的手,爺爺常牽著誰的手,我
c1 + v1 + 人1 + 事1,c1 + v1 + 人1 + 什麼事情,可以提供我們種植,可以提供我們什麼事情,種植
人1 + v1 + d1 + v2 + 物1 + uj1 + m1 + 人2,人1 + v1 + d1 + v2 + 什麼 + uj1 + m1 + 人2,我們是很有福氣的一群人,我們是很有什麼的一群人,福氣
人1 + d1 + a1 + a2 + ul1 + v1 + v2 + 人2 + uj1 + n1,誰 + d1 + a1 + a2 + ul1 + v1 + v2 + 人2 + uj1 + n1,我慢慢長大了開始懂得爺爺的心情,誰慢慢長大了開始懂得爺爺的心情,我
人1 + d1 + a1 + a2 + ul1 + v1 + v2 + 人2 + uj1 + n1,人1 + d1 + a1 + a2 + ul1 + v1 + v2 + 誰 + uj1 + n1,我慢慢長大了開始懂得爺爺的心情,我慢慢長大了開始懂得誰的心情,爺爺
u1 + 事1 + v1 + ul1,u1 + 什麼事情 + v1 + ul1,等戰爭結束了,等什麼事情結束了,戰爭
人1 + p1 + r1 + 事1,人1 + p1 + r1 + 什麼事情,他們在這裡開墾,他們在這裡什麼事情,開墾
人1 + c1 + 人2 + d1 + v1 + p1 + 人3 + 事1,誰 + c1 + 人2 + d1 + v1 + p1 + 人3 + 事1,勤勞和懶惰都喜歡跟人做朋友,誰和懶惰都喜歡跟人做朋友,勤勞
人1 + c1 + 人2 + d1 + v1 + p1 + 人3 + 事1,人1 + c1 + 誰 + d1 + v1 + p1 + 人3 + 事1,勤勞和懶惰都喜歡跟人做朋友,勤勞和誰都喜歡跟人做朋友,懶惰
人1 + c1 + 人2 + v1 + n1 + d1 + c2 + v2 + nr1 + a1,人1 + c1 + 誰 + v1 + n1 + d1 + c2 + v2 + nr1 + a1,農人和勤勞做朋友就可以收穫豐富,農人和誰做朋友就可以收穫豐富,勤勞
人1 + c1 + 人2 + v1 + n1 + d1 + c2 + v2 + nr1 + a1,誰 + c1 + 人2 + v1 + n1 + d1 + c2 + v2 + nr1 + a1,農人和勤勞做朋友就可以收穫豐富,誰和勤勞做朋友就可以收穫豐富,農人
人1 + c1 + 人2 + 事1 + 人3 + d1 + c2 + vn1 + v1 + a1 + uj1 + 物1,人1 + c1 + 人2 + 什麼事情 + 人2 + d1 + c2 + vn1 + v1 + a1 + uj1 + 物1,勤勞和工人做朋友工人就可以生產出精美的產品,勤勞和工人什麼事情就可以生產出精美的產品,做朋友
人1 + c1 + 人2 + 事1 + 人3 + d1 + c2 + vn1 + v1 + a1 + uj1 + 物1,人1 + c1 + 人2 + 人2 + 事1 + 誰 + d1 + c2 + vn1 + v1 + a1 + uj1,勤勞和工人做朋友工人就可以生產出精美的產品,勤勞和工人做朋友誰就可以生產出精美的,工人
人1 + c1 + 人2 + 事1 + 人3 + d1 + c2 + vn1 + v1 + a1 + uj1 + 物1,誰 + c1 + 人2 + 事1 + 人2 + d1 + c2 + vn1 + v1 + a1 + uj1 + 物1,勤勞和工人做朋友工人就可以生產出精美的產品,誰和工人做朋友就可以生產出精美的產品,勤勞
人1 + c1 + 人2 + 事1 + 人3 + d1 + c2 + vn1 + v1 + a1 + uj1 + 物1,人1 + c1 + 人2 + 事1 + 誰 + d1 + c2 + vn1 + v1 + a1 + uj1 + 物1,勤勞和工人做朋友工人就可以生產出精美的產品,勤勞和工人做朋友誰就可以生產出精美的產品,工人
人1 + c1 + 人2 + 事1 + 人3 + d1 + c2 + vn1 + v1 + a1 + uj1 + 物1,人1 + c1 + 誰 + 事1 + 人2 + d1 + c2 + vn1 + v1 + a1 + uj1 + 物1,勤勞和工人做朋友工人就可以生產出精美的產品,勤勞和誰做朋友工人就可以生產出精美的產品,工人
人1 + c1 + 人2 + 事1 + 人3 + uj1 + 物1 + d1 + c2 + vn1,人1 + c1 + 誰 + 事1 + 人2 + uj1 + 物1 + d1 + c2 + vn1,勤勞和商人做朋友商人的貨物就可以流通,勤勞和誰做朋友商人的貨物就可以流通,商人
人1 + c1 + 人2 + 事1 + 人3 + uj1 + 物1 + d1 + c2 + vn1,誰 + c1 + 人2 + 事1 + 人2 + uj1 + 物1 + d1 + c2 + vn1,勤勞和商人做朋友商人的貨物就可以流通,誰和商人做朋友的貨物就可以流通,勤勞
人1 + c1 + 人2 + 事1 + 人3 + uj1 + 物1 + d1 + c2 + vn1,人1 + c1 + 人2 + 事1 + 誰 + uj1 + 物1 + d1 + c2 + vn1,勤勞和商人做朋友商人的貨物就可以流通,勤勞和商人做朋友誰的貨物就可以流通,商人
人1 + c1 + 人2 + 事1 + 人3 + uj1 + 物1 + d1 + c2 + vn1,人1 + c1 + 人2 + 事1 + 人2 + uj1 + 什麼 + d1 + c2 + vn1,勤勞和商人做朋友商人的貨物就可以流通,勤勞和商人做朋友的什麼就可以流通,貨物
人1 + c1 + 人2 + 事1 + 人3 + uj1 + 物1 + d1 + c2 + 事2,人1 + c1 + 誰 + 事1 + 人1 + uj1 + 物1 + d1 + c2 + 事2,學生和勤勞做朋友學生的成績就可以進步,學生和誰做朋友的成績就可以進步,勤勞
人1 + c1 + 人2 + 事1 + 人3 + uj1 + 物1 + d1 + c2 + 事2,誰 + c1 + 人2 + 事1 + 人1 + uj1 + 物1 + d1 + c2 + 事2,學生和勤勞做朋友學生的成績就可以進步,誰和勤勞做朋友學生的成績就可以進步,學生
人1 + c1 + 人2 + 事1 + 人3 + uj1 + 物1 + d1 + c2 + 事2,人1 + c1 + 人2 + 事1 + 誰 + uj1 + 物1 + d1 + c2 + 事2,學生和勤勞做朋友學生的成績就可以進步,學生和勤勞做朋友誰的成績就可以進步,學生
人1 + c1 + 人2 + 事1 + 人3 + uj1 + 物1 + d1 + c2 + 事2,人1 + c1 + 人2 + 事1 + 人1 + uj1 + 什麼 + d1 + c2 + 事2,學生和勤勞做朋友學生的成績就可以進步,學生和勤勞做朋友的什麼就可以進步,成績
人1 + c1 + 人2 + 事1 + c2 + v1 + 人3 + 物1 + uj1 + 物2,人1 + c1 + 人2 + 事1 + c2 + v1 + 誰 + 物1 + uj1 + 物2,勤勞和我們做朋友可以帶給我們成功的快樂,勤勞和我們做朋友可以帶給誰成功的快樂,我們
人1 + c1 + 人2 + 事1 + c2 + v1 + 人3 + 物1 + uj1 + 物2,人1 + c1 + 人2 + 人2 + 事1 + c2 + v1 + 誰 + 物1 + uj1,勤勞和我們做朋友可以帶給我們成功的快樂,勤勞和我們做朋友可以帶給誰成功的,我們
人1 + c1 + 人2 + 事1 + c2 + v1 + 人3 + 物1 + uj1 + 物2,人1 + c1 + 人2 + 事1 + c2 + v1 + 人2 + 什麼 + uj1 + 物2,勤勞和我們做朋友可以帶給我們成功的快樂,勤勞和我們做朋友可以帶給什麼的快樂,成功
人1 + c1 + 人2 + 事1 + c2 + v1 + 人3 + 物1 + uj1 + 物2,誰 + c1 + 人2 + 事1 + c2 + v1 + 人2 + 物1 + uj1 + 物2,勤勞和我們做朋友可以帶給我們成功的快樂,誰和我們做朋友可以帶給成功的快樂,勤勞
人1 + c1 + 人2 + 事1 + c2 + v1 + 人3 + 物1 + uj1 + 物2,人1 + c1 + 誰 + 事1 + c2 + v1 + 人2 + 物1 + uj1 + 物2,勤勞和我們做朋友可以帶給我們成功的快樂,勤勞和誰做朋友可以帶給我們成功的快樂,我們
a1 + uj1 + 人1 + d1 + v1 + p1 + 人2 + v2,a1 + uj1 + 人1 + d1 + v1 + p1 + 誰 + v2,聰明的人都喜歡跟勤勞接近,聰明的人都喜歡跟誰接近,勤勞
a1 + uj1 + 人1 + d1 + v1 + p1 + 人2 + v2,a1 + uj1 + 誰 + d1 + v1 + p1 + 人2 + v2,聰明的人都喜歡跟勤勞接近,聰明的誰都喜歡跟勤勞接近,人
人1 + c1 + 人2 + a1 + v1,誰 + c1 + 人2 + a1 + v1,懶惰和勤勞正好相反,誰和勤勞正好相反,懶惰
人1 + c1 + 人2 + a1 + v1,人1 + c1 + 誰 + a1 + v1,懶惰和勤勞正好相反,懶惰和誰正好相反,勤勞
人1 + c1 + 人2 + 事1 + 物1 + d1 + v1 + a1,人1 + c1 + 人2 + 什麼事情 + 物1 + d1 + v1 + a1,農人和懶惰做朋友收穫就減少,農人和懶惰什麼事情收穫就減少,做朋友
人1 + c1 + 人2 + 事1 + 物1 + d1 + v1 + a1,人1 + c1 + 人2 + 事1 + 什麼 + d1 + v1 + a1,農人和懶惰做朋友收穫就減少,農人和懶惰做朋友什麼就減少,收穫
人1 + c1 + 人2 + 事1 + 物1 + d1 + v1 + a1,人1 + c1 + 誰 + 事1 + 物1 + d1 + v1 + a1,農人和懶惰做朋友收穫就減少,農人和誰做朋友收穫就減少,懶惰
人1 + c1 + 人2 + 事1 + 物1 + d1 + v1 + a1,誰 + c1 + 人2 + 事1 + 物1 + d1 + v1 + a1,農人和懶惰做朋友收穫就減少,誰和懶惰做朋友收穫就減少,農人
人1 + c1 + 人2 + 事1 + 物1 + d1 + v1 + a1,人1 + c1 + 人2 + 事1 + 什麼東西 + d1 + v1 + a1,農人和懶惰做朋友收穫就減少,農人和懶惰做朋友什麼東西就減少,收穫
人1 + c1 + 人2 + 事1 + 物1 + d1 + v1 + a1,人1 + c1 + 人2 + 什麼事情 + 物1 + d1 + v1 + a1,工人和懶惰做朋友產品就會粗陋,工人和懶惰什麼事情產品就會粗陋,做朋友
人1 + c1 + 人2 + 事1 + 物1 + d1 + v1 + a1,人1 + c1 + 人2 + 事1 + 什麼 + d1 + v1 + a1,工人和懶惰做朋友產品就會粗陋,工人和懶惰做朋友什麼就會粗陋,產品
人1 + c1 + 人2 + 事1 + 物1 + d1 + v1 + a1,人1 + c1 + 誰 + 事1 + 物1 + d1 + v1 + a1,工人和懶惰做朋友產品就會粗陋,工人和誰做朋友產品就會粗陋,懶惰
人1 + c1 + 人2 + 事1 + 物1 + d1 + v1 + a1,誰 + c1 + 人2 + 事1 + 物1 + d1 + v1 + a1,工人和懶惰做朋友產品就會粗陋,誰和懶惰做朋友產品就會粗陋,工人
人1 + c1 + 人2 + 事1 + 物1 + d1 + v1 + a1,人1 + c1 + 人2 + 事1 + 什麼東西 + d1 + v1 + a1,工人和懶惰做朋友產品就會粗陋,工人和懶惰做朋友什麼東西就會粗陋,產品
人1 + c1 + 人2 + 事1 + 物1 + d1 + v1 + v2,人1 + c1 + 人2 + 什麼事情 + 物1 + d1 + v1 + v2,商人和它做朋友業績就會減少,商人和它什麼事情業績就會減少,做朋友
人1 + c1 + 人2 + 事1 + 物1 + d1 + v1 + v2,誰 + c1 + 人2 + 事1 + 物1 + d1 + v1 + v2,商人和它做朋友業績就會減少,誰和它做朋友業績就會減少,商人
人1 + c1 + 人2 + 事1 + 物1 + d1 + v1 + v2,人1 + c1 + 人2 + 事1 + 什麼 + d1 + v1 + v2,商人和它做朋友業績就會減少,商人和它做朋友什麼就會減少,業績
人1 + c1 + 人2 + 事1 + 物1 + d1 + v1 + v2,人1 + c1 + 誰 + 事1 + 物1 + d1 + v1 + v2,商人和它做朋友業績就會減少,商人和誰做朋友業績就會減少,它
a1 + uj1 + 人1 + v1 + c1 + 人2 + 事1,a1 + uj1 + 人1 + v1 + c1 + 誰 + 事1,愚笨的人喜歡和懶惰做朋友,愚笨的人喜歡和誰做朋友,懶惰
a1 + uj1 + 人1 + v1 + c1 + 人2 + 事1,a1 + uj1 + 人1 + v1 + c1 + 人2 + 什麼事情,愚笨的人喜歡和懶惰做朋友,愚笨的人喜歡和懶惰什麼事情,做朋友
d1 + v1 + 物1 + c1 + 物2,d1 + v1 + 什麼 + c1 + 物2,再體會痛苦和後悔,再體會什麼和後悔,痛苦
d1 + v1 + 物1 + c1 + 物2,d1 + v1 + 物1 + c1 + 什麼,再體會痛苦和後悔,再體會痛苦和什麼,後悔
c1 + 人1 + v1 + v2 + m1 + a1 + uj1 + 人2,c1 + 人1 + v1 + v2 + m1 + a1 + uj1 + 誰,所以我們要做一個勤勞的人,所以我們要做一個勤勞的誰,人
c1 + 人1 + v1 + v2 + m1 + a1 + uj1 + 人2,c1 + 誰 + v1 + v2 + m1 + a1 + uj1 + 人2,所以我們要做一個勤勞的人,所以誰要做一個勤勞的人,我們
物1 + c1 + 物2 + p1 + 物3 + v1 + ul1,物1 + c1 + 什麼 + p1 + 物3 + v1 + ul1,松針和青苔把河水染綠了,松針和什麼把河水染綠了,青苔
物1 + c1 + 物2 + p1 + 物3 + v1 + ul1,物1 + c1 + 物2 + p1 + 什麼 + v1 + ul1,松針和青苔把河水染綠了,松針和青苔把什麼染綠了,河水
物1 + c1 + 物2 + p1 + 物3 + v1 + ul1,什麼 + c1 + 物2 + p1 + 物3 + v1 + ul1,松針和青苔把河水染綠了,什麼和青苔把河水染綠了,松針
v1 + n1 + uj1 + 物1 + c1 + 物2,v1 + n1 + uj1 + 物1 + c1 + 什麼,帶來人群的快樂和奮勉,帶來人群的快樂和什麼,奮勉
人1 + uj1 + a1 + 物1 + v1 + d1 + a2 + uj2,誰 + uj1 + a1 + 物1 + v1 + d1 + a2 + uj1,李先生的好脾氣是很有名的,誰的好脾氣是很有名,李先生
人1 + k1 + v1 + 人2 + uj1 + a1 + 物1 + d1 + a2,人1 + k1 + v1 + 誰 + uj1 + a1 + 物1 + d1 + a2,鄰居們覺得他的好脾氣真是稀奇,鄰居們覺得誰的好脾氣真是稀奇,他
d1 + p1 + 人1 + v1 + ud1 + l1,d1 + p1 + 誰 + v1 + ud1 + l1,都對他佩服得不得了,都對誰佩服得不得了,他
事1 + d1 + n1 + p1 + m1 + 物1 + v1 + ul1,什麼事情 + d1 + n1 + p1 + m1 + 物1 + v1 + ul1,上菜不小心把一碗熱湯打翻了,什麼事情不小心把一碗熱湯打翻了,上菜
事1 + d1 + n1 + p1 + m1 + 物1 + v1 + ul1,事1 + d1 + n1 + p1 + m1 + 什麼東西 + v1 + ul1,上菜不小心把一碗熱湯打翻了,上菜不小心把一碗什麼東西打翻了,熱湯
c1 + v1 + y1 + ul1 + 人1 + uj1 + 物1 + d1 + v2 + ul2 + 人2 + m1,c1 + v1 + y1 + ul1 + 誰 + uj1 + 物1 + d1 + v2 + ul1 + 人2 + m1,不但弄髒了自己的袖子還濺了李先生一身,不但弄髒了誰的袖子還濺李先生一身,自己
c1 + v1 + y1 + ul1 + 人1 + uj1 + 物1 + d1 + v2 + ul2 + 人2 + m1,c1 + v1 + y1 + ul1 + 人1 + uj1 + 什麼 + d1 + v2 + ul1 + 人2 + m1,不但弄髒了自己的袖子還濺了李先生一身,不但弄髒了自己的什麼還濺李先生一身,袖子
c1 + v1 + y1 + ul1 + 人1 + uj1 + 物1 + d1 + v2 + ul2 + 人2 + m1,c1 + v1 + y1 + ul1 + 人1 + uj1 + 物1 + d1 + v2 + ul1 + 誰 + m1,不但弄髒了自己的袖子還濺了李先生一身,不但弄髒了自己的袖子還濺誰一身,李先生
人1 + a1 + ul1,誰 + a1 + ul1,服務生慌了,誰慌了,服務生
人1 + v1 + v2 + zg1 + 物1 + f1 + v3 + v4 + m1 + 物2,人1 + v1 + v2 + zg1 + 物1 + f1 + v3 + v4 + m1 + 什麼東西,李先生站起來從口袋裡掏出一條手帕,李先生站起來從口袋裡掏出一條什麼東西,手帕
人1 + v1 + v2 + zg1 + 物1 + f1 + v3 + v4 + m1 + 物2,誰 + v1 + v2 + zg1 + 物1 + f1 + v3 + v4 + m1 + 物2,李先生站起來從口袋裡掏出一條手帕,誰站起來從口袋裡掏出一條手帕,李先生
人1 + k1 + c1 + 人2 + v1 + v2 + v3 + 人3 + uj1 + 物1,人1 + k1 + c1 + 人2 + v1 + v2 + v3 + 人3 + uj1 + 什麼,朋友們以為他是要擦自己的衣服,朋友們以為他是要擦自己的什麼,衣服
人1 + k1 + c1 + 人2 + v1 + v2 + v3 + 人3 + uj1 + 物1,人1 + k1 + c1 + 誰 + v1 + v2 + v3 + 人3 + uj1 + 物1,朋友們以為他是要擦自己的衣服,朋友們以為誰是要擦自己的衣服,他
zg1 + v1 + 人1 + v2 + v3 + v4 + 人2 + uj1 + 物1,zg1 + v1 + 人1 + v2 + v3 + v4 + 人2 + uj1 + 什麼,沒想到他伸手去擦服務生的袖子,沒想到他伸手去擦服務生的什麼,袖子
zg1 + v1 + 人1 + v2 + v3 + v4 + 人2 + uj1 + 物1,zg1 + v1 + 人1 + v2 + v3 + v4 + 誰 + uj1 + 物1,沒想到他伸手去擦服務生的袖子,沒想到他伸手去擦誰的袖子,服務生
人1 + uj1 + 物1 + d1 + v1 + v2 + 人2 + uj2 + 人3 + r1,誰 + uj1 + 物1 + d1 + v1 + v2 + 人2 + uj1 + 人3 + r1,他的態度就像對待自己的孩子一樣,誰的態度就像對待自己孩子一樣,他
人1 + uj1 + 物1 + d1 + v1 + v2 + 人2 + uj2 + 人3 + r1,人1 + uj1 + 物1 + d1 + v1 + v2 + 人2 + uj1 + 誰 + r1,他的態度就像對待自己的孩子一樣,他的態度就像對待自己誰一樣,孩子
人1 + uj1 + 物1 + d1 + v1 + v2 + 人2 + uj2 + 人3 + r1,人1 + uj1 + 物1 + d1 + v1 + v2 + 誰 + uj1 + 人3 + r1,他的態度就像對待自己的孩子一樣,他的態度就像對待誰孩子一樣,自己
人1 + uj1 + 物1 + d1 + v1 + v2 + 人2 + uj2 + 人3 + r1,人1 + uj1 + 什麼 + d1 + v1 + v2 + 人2 + uj1 + 人3 + r1,他的態度就像對待自己的孩子一樣,他的什麼就像對待自己孩子一樣,態度
v1 + m1 + 人1 + v2 + t1 + d1 + v3 + ul1 + 人2,v1 + m1 + 人1 + v2 + t1 + d1 + v3 + ul1 + 誰,有一個護士跑過來迎面撞上了李先生,有一個護士跑過來迎面撞上了誰,李先生
v1 + m1 + 人1 + v2 + t1 + d1 + v3 + ul1 + 人2,v1 + m1 + 誰 + v2 + t1 + d1 + v3 + ul1 + 人2,有一個護士跑過來迎面撞上了李先生,有一個誰跑過來迎面撞上了李先生,護士
人1 + uj1 + 物1 + p1 + r1 + 人2 + uj2 + 物2 + a1 + uj3 + v1 + ul1 + m1,人1 + uj1 + 什麼 + p1 + r1 + 人2 + uj1 + 物2 + a1 + uj1 + v1 + ul1 + m1,李先生的鼻子被那個人的頭重重的撞了一下,李先生的什麼被那個人頭重重撞了一下,鼻子
人1 + uj1 + 物1 + p1 + r1 + 人2 + uj2 + 物2 + a1 + uj3 + v1 + ul1 + m1,人1 + uj1 + 物1 + p1 + r1 + 人2 + uj1 + 什麼 + a1 + uj1 + v1 + ul1 + m1,李先生的鼻子被那個人的頭重重的撞了一下,李先生的鼻子被那個人什麼重重撞了一下,頭
人1 + v1 + v2 + v3 + 人2 + uj1 + 物1,人1 + v1 + v2 + v3 + 誰 + uj1 + 物1,李先生伸手去摸護士的頭,李先生伸手去摸誰的頭,護士
人1 + v1 + v2 + v3 + 人2 + uj1 + 物1,誰 + v1 + v2 + v3 + 人2 + uj1 + 物1,李先生伸手去摸護士的頭,誰伸手去摸護士的頭,李先生
a1 + q1 + 人1 + d1 + d2 + n1 + y1,a1 + q1 + 誰 + d1 + d2 + n1 + y1,難道你從來不生氣嗎,難道誰從來不生氣嗎,你
c1 + 人1 + c2 + m1 + p1 + 人2 + v1 + v2 + 物1 + d1 + v3 + ul1,c1 + 人1 + c2 + m1 + p1 + 人2 + v1 + v1 + 什麼 + d1 + v3 + ul1,但是你只要多替別人想想氣就消了,但是你只要多替別人想什麼就消了,氣
c1 + 人1 + c2 + m1 + p1 + 人2 + v1 + v2 + 物1 + d1 + v3 + ul1,c1 + 誰 + c2 + m1 + p1 + 人2 + v1 + v1 + 物1 + d1 + v3 + ul1,但是你只要多替別人想想氣就消了,但是誰只要多替別人想氣就消了,你
人1 + b1 + v1 + d1 + p1 + 人2 + n1 + 物1 + v2 + d2 + v3 + uj1,誰 + b1 + v1 + d1 + p1 + 人2 + n1 + 物1 + v2 + d2 + v3 + uj1,我總覺得隨便對人發脾氣是不應該的,誰總覺得隨便對人發脾氣是不應該的,我
人1 + v1 + v2 + 人2 + 事1 + uj1 + 人3 + c1 + 人4 + p1 + a1 + d1 + v3 + vn1 + 人5 + 事2 + uj2 + 物1,誰 + v1 + v2 + 人2 + 事1 + uj1 + 人3 + c1 + 人4 + p1 + a1 + d1 + v3 + vn1 + 人5 + 事1 + uj1 + 物1,他父親是教聾啞人說話的專家所以貝爾從小就喜歡研究人類說話的聲音,誰是教聾啞人說話的專家所以貝爾從小就喜歡研究人類聲音,他父親
人1 + v1 + v2 + 人2 + 事1 + uj1 + 人3 + c1 + 人4 + p1 + a1 + d1 + v3 + vn1 + 人5 + 事2 + uj2 + 物1,人1 + v1 + v2 + 人2 + 事1 + uj1 + 人3 + c1 + 誰 + p1 + a1 + d1 + v3 + vn1 + 人5 + 事1 + uj1 + 物1,他父親是教聾啞人說話的專家所以貝爾從小就喜歡研究人類說話的聲音,他父親是教聾啞人說話的專家所以誰從小就喜歡研究人類聲音,貝爾
人1 + v1 + v2 + 人2 + 事1 + uj1 + 人3 + c1 + 人4 + p1 + a1 + d1 + v3 + vn1 + 人5 + 事2 + uj2 + 物1,人1 + v1 + v2 + 誰 + 事1 + uj1 + 人3 + c1 + 人4 + p1 + a1 + d1 + v3 + vn1 + 人5 + 事1 + uj1 + 物1,他父親是教聾啞人說話的專家所以貝爾從小就喜歡研究人類說話的聲音,他父親是教誰說話的專家所以貝爾從小就喜歡研究人類聲音,聾啞人
人1 + v1 + v2 + 人2 + 事1 + uj1 + 人3 + c1 + 人4 + p1 + a1 + d1 + v3 + vn1 + 人5 + 事2 + uj2 + 物1,人1 + v1 + v2 + 人2 + 事1 + uj1 + 人3 + c1 + 人4 + p1 + a1 + d1 + v3 + vn1 + 人5 + 什麼事情 + uj1 + 物1,他父親是教聾啞人說話的專家所以貝爾從小就喜歡研究人類說話的聲音,他父親是教聾啞人說話的專家所以貝爾從小就喜歡研究人類什麼事情聲音,說話
人1 + v1 + v2 + 人2 + 事1 + uj1 + 人3,人1 + v1 + v2 + 誰 + 事1 + uj1 + 人3,他父親是教聾啞人說話的專家,他父親是教誰說話的專家,聾啞人
人1 + v1 + v2 + 人2 + 事1 + uj1 + 人3,誰 + v1 + v2 + 人2 + 事1 + uj1 + 人3,他父親是教聾啞人說話的專家,誰是教聾啞人說話的專家,他父親
c1 + 人1 + p1 + a1 + d1 + v1 + vn1 + 人2 + 事1 + uj1 + 物1,c1 + 誰 + p1 + a1 + d1 + v1 + vn1 + 人2 + 事1 + uj1 + 物1,所以貝爾從小就喜歡研究人類說話的聲音,所以誰從小就喜歡研究人類說話的聲音,貝爾
c1 + 人1 + p1 + a1 + d1 + v1 + vn1 + 人2 + 事1 + uj1 + 物1,c1 + 人1 + p1 + a1 + d1 + v1 + vn1 + 人2 + 什麼事情 + uj1 + 物1,所以貝爾從小就喜歡研究人類說話的聲音,所以貝爾從小就喜歡研究人類什麼事情的聲音,說話
人1 + v1 + 物1 + c1 + p1 + 物2 + v2 + a1 + uj1 + n1 + v3,誰 + v1 + 物1 + c1 + p1 + 物2 + v2 + a1 + uj1 + n1 + v3,他想電報可以把文字送到很遠的地方去,誰想電報可以把文字送到很遠的地方去,他
人1 + v1 + 物1 + c1 + p1 + 物2 + v2 + a1 + uj1 + n1 + v3,人1 + v1 + 什麼東西 + c1 + p1 + 物2 + v2 + a1 + uj1 + n1 + v3,他想電報可以把文字送到很遠的地方去,他想什麼東西可以把文字送到很遠的地方去,電報
人1 + v1 + 物1 + c1 + p1 + 物2 + v2 + a1 + uj1 + n1 + v3,人1 + v1 + 物1 + c1 + p1 + 什麼 + v2 + a1 + uj1 + n1 + v3,他想電報可以把文字送到很遠的地方去,他想電報可以把什麼送到很遠的地方去,文字
v1 + v2 + v3 + p1 + 物1 + d1 + v4 + a1 + uj1 + n1 + q1 + y1,v1 + v2 + v3 + p1 + 什麼東西 + d1 + v4 + a1 + uj1 + n1 + q1 + y1,有沒有可能把聲音也送到很遠的地方呢,有沒有可能把什麼東西也送到很遠的地方呢,聲音
人1 + c1 + 人2 + uj1 + 人3 + 人4 + v1 + 事1 + 物1,人1 + c1 + 人2 + uj1 + 人3 + 什麼人 + v1 + 事1 + 物1,貝爾和他的朋友華生開始研究電話,貝爾和他的朋友什麼人開始研究電話,華生
人1 + c1 + 人2 + uj1 + 人3 + 人4 + v1 + 事1 + 物1,人1 + c1 + 人2 + uj1 + 人3 + 人4 + v1 + 事1 + 什麼,貝爾和他的朋友華生開始研究電話,貝爾和他的朋友華生開始研究什麼,電話
人1 + c1 + 人2 + uj1 + 人3 + 人4 + v1 + 事1 + 物1,誰 + c1 + 人2 + uj1 + 人3 + 人4 + v1 + 事1 + 物1,貝爾和他的朋友華生開始研究電話,誰和他的朋友華生開始研究電話,貝爾
p1 + r1 + m1 + n1 + d1 + v1 + v2 + uj1 + 人1,p1 + r1 + m1 + n1 + d1 + v1 + v2 + uj1 + 誰,在另一個房間剛要睡覺的華生,在另一個房間剛要睡覺的誰,華生
d1 + d2 + 人1 + v1 + ul1 + m1 + 物1 + uj1 + n1,d1 + d2 + 人1 + v1 + ul1 + m1 + 什麼東西 + uj1 + n1,也就是人類有了第一架電話機的日子,也就是人類有了第一架什麼東西的日子,電話機
v1 + ul1 + f1 + uj1 + 物1 + c1 + 物2,v1 + ul1 + f1 + uj1 + 物1 + c1 + 什麼,淹沒了附近的農田和房屋,淹沒了附近的農田和什麼,房屋
v1 + ul1 + f1 + uj1 + 物1 + c1 + 物2,v1 + ul1 + f1 + uj1 + 什麼 + c1 + 物2,淹沒了附近的農田和房屋,淹沒了附近的什麼和房屋,農田
s1 + uj1 + 人1 + v1 + a1 + uj2 + n1,s1 + uj1 + 誰 + v1 + a1 + uj1 + n1,當地的居民受到很大的損失,當地的誰受到很大損失,居民
人1 + d1 + a1,誰 + d1 + a1,秦王很著急,誰很著急,秦王
nr1 + v1 + v2 + ul1 + 人1,nr1 + v1 + v2 + ul1 + 誰,後來找到了李冰,後來找到了誰,李冰
d1 + v1 + 人1 + v2 + 事1,d1 + v1 + 誰 + v2 + 事1,便派他去治水,便派誰去治水,他
d1 + v1 + 人1 + v2 + 事1,d1 + v1 + 人1 + v2 + 什麼事情,便派他去治水,便派他去什麼事情,治水
d1 + v1 + ul1 + 事1 + uj1 + n1,d1 + v1 + ul1 + 什麼事情 + uj1 + n1,再找出了鬧水災的原因,再找出了什麼事情的原因,鬧水災
人1 + v1 + ul1 + m1 + n1,誰 + v1 + ul1 + m1 + n1,李冰想出了一個辦法,誰想出了一個辦法,李冰
v1 + 物1 + zg1 + 物2 + d1 + p1 + m1 + 物3 + v2,v1 + 物1 + zg1 + 什麼 + d1 + p1 + m1 + 物2 + v2,遇到大水時水自動往兩條水道流去,遇到大水時什麼自動往兩條水流去,水
v1 + 物1 + zg1 + 物2 + d1 + p1 + m1 + 物3 + v2,v1 + 什麼 + zg1 + 物2 + d1 + p1 + m1 + 物2 + v2,遇到大水時水自動往兩條水道流去,遇到什麼時水自動往兩條流去,大水
v1 + ul1 + r1 + m1 + 物1 + u1 + nr1 + d1 + d2 + d3 + v2 + 事1 + ul2,v1 + ul1 + r1 + m1 + 什麼 + u1 + nr1 + d1 + d2 + d3 + v2 + 事1 + ul1,有了這兩條水道之後就不再鬧水災了,有了這兩條什麼之後就不再鬧水災,水道
c1 + 人1 + n1 + 物1 + v1 + ul1 + n2 + uj1 + an1,c1 + 人1 + n1 + 什麼 + v1 + ul1 + n2 + uj1 + an1,因為他整治河流解除了大家的痛苦,因為他整治什麼解除了大家的痛苦,河流
c1 + 人1 + n1 + 物1 + v1 + ul1 + n2 + uj1 + an1,c1 + 誰 + n1 + 物1 + v1 + ul1 + n2 + uj1 + an1,因為他整治河流解除了大家的痛苦,因為誰整治河流解除了大家的痛苦,他
