冊/課,課文,題目,long
B1 L1,我_人1 起來_事 了_ul,誰起來了?,
,,,
B1 L1,太陽_人2 也_d 起來_事 了_ul,誰也起來了?,
B1 L1,我_人2 天天_t 早起_v,我什麼時候起床?,
B1 L1,太陽_人3 也_d 天天_時 早起_v ,誰也天天早起?,
B1 L2,小方_人1 喜歡_v1 上學_v2,小方喜歡做什麼事?,
B1 L2,小方_人1 喜歡_v1 上學_v2,誰喜歡上學?,
B1 L2,小方_人1 喜歡_v1 老師_人2,誰喜歡老師?,
B1 L2,小方_人1 喜歡_v1 老師_人2,小方喜歡誰?,
B1 L2,老師_人3 也_d 喜歡_v2 小方_人4,誰喜歡小方?,
B1 L2,老師_人3 也_d 喜歡_v2 小方_人4,老師喜歡誰?,
B1 L2,小方_人1 喜歡_v1 同學_人2,小方喜歡誰?,
B1 L2,同學_人3 也_d 喜歡_v2 小方_人4,同學喜歡誰?,
B1 L3,背_v1 書包_物1 ，_x 上學_v2 去_v3,背書包去哪裡?,
B1 L3,我_人1 的_uj 書包_物1 裡_f ，_x 有_v1 書_物2 也_d 有_v2 筆_物3,我的書包裡有什麼?,
B1 L3,我_人1 有_v1 四本_m 書_物1,我有幾本書?,
B1 L3,我_人2 有_v2 三枝_m 筆_物2,我有幾隻筆?,
B1 L3,還_d 有_v3 一個_m 小_a 皮球_物3 ，_x 也_d 在_p 我_人3 的_uj 書包_物4 裡_f,什麼也在我的書包裡?,
B1 L4,媽媽_人1 教_v1 小方_人2 寫_v2 字_n,誰教小方寫字?,
B1 L4,媽媽_人1 教_v1 小方_人2 寫_v2 字_n,媽媽教誰寫字?,
B1 L4,媽媽_人1 說_v1 ：_x 寫_v2 字_n 要_v3 用_v4 心_n ,誰說寫字要用心?,
B1 L4,媽媽_人1 說_v1 ：_x 寫_v2 字_n 要_v3 用_v4 心_n ,媽媽說寫字要如何?,
B1 L4,身體_n 要_v5 坐_v6 正_d,身體要如何?,
B1 L4,兩手_m 要_v7 放_v8 好_a,兩手要如何?,
B1 L5,大樹_物1 高_a,什麼很高?,
B1 L5,花兒_物2 美_a,什麼很美?,
B1 L5,樹_物1 很_d 高_a ，_x 我們_人1 不要_df 爬上去_v1,什麼很高不要爬上去?,
B1 L5,花_物1 很_d 美_a ，_x 我們_人1 不要_df 摘下_v1 來_zg,什麼很美不要摘下來?,
B1 L5,草地_物1 很_d 漂亮_a ，_x 我們_人1 不要_df 去_v1 踩_v2 它_物2,什麼很漂亮不要去採它?,
B1 L6,小_a 鳥_n 小_a 鳥_n 愛_v1 唱歌_事,誰愛唱歌?,
B1 L6,小_a 鳥_n 小_a 鳥_n 愛_v1 唱歌_事,小鳥愛做什麼事?,
B1 L6,你_人1 的_uj 歌兒_n 真好_d 聽_v,小鳥的歌兒如何?,
B1 L6,請_v3 你_人2 和_c 我_人3 一起_m 唱歌_事 ，_x 你_人4 說_v4 好不好_l ?_x,請你和我一起做什麼事?,
B1 L7,爸爸_人1 說_zg ，_x 他_人2 小_a 時候_n 上學_v1 ，_x 看見_v2 老師_人3 ，_x 會_v3 向_p 老師_人4 行禮_v4,爸爸小時候上學看見誰會行禮?,
B1 L7,爸爸_人1 說_zg ，_x 他_人2 小_a 時候_n 上學_v1 ，_x 看見_v2 老師_人3 ，_x 會_v3 向_p 老師_人4 行禮_v4,爸爸小時候看見老師會做什麼事?,
B1 L7,現在_時 ，_x 我_人1 在_p 泰國_地方 上學_v1,現在我在哪裡上學?,
B1 L7,我_人2 看見_v2 老師_人3 ，_x 我_人4 會_v3 雙手_n 合掌_v4 ，_x 向_p 老師_人5 行禮_v5,我看見老師會做什麼事?,
B1 L8,明天_時 是_v1 小方_人1 的_uj 生日_t,明天是誰的生日?,
B1 L8,明天_時 是_v1 小方_人1 的_uj 生日_t,小方的生日是什麼時候?,
B1 L8,小方_人2 打_v2 電話_n 給_p 小亮_人3,小方打電話給誰?,
B1 L8,小方_人2 打_v2 電話_n 給_p 小亮_人3,誰打電話給小亮?,
B1 L8,小方_人1 說_v1 ：_x 「_x 小亮_人2 ，_x 明天_時 是_v2 我_人3 生日_t ，_x 請_v 你_人4 來_v3 我家_地方 好_a 嗎_y ？_x 」_x ,小方請誰來他家?,
B1 L8,小亮_人1 說_v1 ：_x 「_x 好_a 啊_y ！_x 我_人2 會_v2 唱歌_v3 給_p 你_人3 聽_v4 。_x 」_x ,小亮會做什麼事?,
B1 L8,小亮_人1 說_v1 ：_x 「_x 我_人2 明天_時 再_d 告訴_v2 你_人3 。_x 」_x ,小亮說什麼時候告訴你?,
B1 L9,小方_人1 在_p 學校_地方 裡_f ，_x 學會_v1 了_ul 很多_m 詞語_物1,小方在哪裡學會詞語?,
B1 L9,小方_人1 在_p 學校_地方 裡_f ，_x 學會_v1 了_ul 很多_m 詞語_物1,小方在學校學會什麼?,
B1 L9,他_人1 聽到_v1 媽媽_人2 說_v2 ：_x 「_x 我_人3 買_v3 了_ul 一件_m 新_a 衣服_物1 ，_x 很_d 滿意_v4 。_x 」_x,媽媽說買了一件什麼很滿意?,
B1 L9,他_人1 聽到_v1 媽媽_人2 說_v2 ：_x 「_x 我_人3 買_v3 了_ul 一件_m 新_a 衣服_物1 ，_x 很_d 滿意_v4 。_x 」_x,誰買了一件新衣服?,
B1 L9,他_人1 聽到_v1 爸爸_人2 說_zg ：_x 「_x 我_人3 做_v2 完_v3 一件_m 事_n ，_x 很_zg 得意_v4 。_x 」_x,爸爸說做完什麼很得意?,
B1 L9,他_人1 聽到_v1 哥哥_人2 說_zg ：_x 「_x 我_人3 跟_p 校長_人4 一起_m 照相_v2 ，_x 很_d 神氣_a 。_x 」_x,哥哥跟誰一起拍照?,
B1 L9,他_人1 聽到_v1 哥哥_人2 說_zg ：_x 「_x 我_人3 跟_p 校長_人4 一起_m 照相_v2 ，_x 很_d 神氣_a 。_x 」_x,哥哥說跟校長一起做什麼很神氣?,
B1 L9,看來_v1 ，_x 全家人_人 都_d 很_d 開心_a ！_x,全家人都很?,
B1 L10,我_人1 做_v 一條_m 船_物1 ，_x 送給_v 姐姐_人2 坐_v ，_x 姐姐_人2 要_v 去_v 看_v 外婆_人3 。_x ,我做一條船給誰去看外婆?,
B1 L10,我_人1 做_v 一條_m 船_物1 ，_x 送給_v 姐姐_人2 坐_v ，_x 姐姐_人2 要_v 去_v 看_v 外婆_人3 。_x ,姊姊坐船去看誰?,
B1 L10,我_人1 做_v 一條_m 船_物1 ，_x 送給_v 哥哥_人4 坐_v ，_x 哥哥_人4 出海_v 去_v 打_v 魚_n,我做一條船給誰去打魚?,
B1 L10,我_人1 做_v 一條_m 船_物1 ，_x 送給_v 哥哥_人4 坐_v ，_x 哥哥_人4 出海_v 去_v 打_v 魚_n,哥哥坐船去做什麼事?,
B1 L10,我_人1 做_v 一條_m 船_物1 ，_x 送給_v 弟弟_人5 坐_v ，_x 弟弟_人5 ，_x 弟弟_人5 ！_x 你_人5 要_v 到_v 哪裡_r ？_x ,弟弟坐船要到哪裡?,
B1 L11,坐_v1 火車_n ，_x 過_v2 山洞_n,坐火車過哪裡?,
B1 L11,妹妹_人1 學_v3 數數_v4 兒_n,妹妹學什麼?,
B1 L12,小方_人1 趕_v1 了_ul 十頭_m 牛_物 在_p 路上_地方 走_v2,小方趕了幾頭牛?,
B1 L12,他_人1 怕_v1 少_a 了_ul 牛_物 ，_x 一面_m 走_v2 ，_x 一面_m 數_v3,他一面走一面數怕什麼?,
B1 L12,他_人1 騎_v1 上_f 了_ul 一頭_m 牛_物1 ，_x 又_d 數著_v2 ：_x 「_x 一二三四五_m 六七_m 八九_m 。_x 啊_zg ！_x 少_a 了_ul 一頭_m 牛_物2 。_x 」,為什麼少了一頭牛?,
B1 L12,小方_人1 連忙_d 跳_v1 下來_v 2，_x 再_d 數一數_v3 ：_x 「_x 一二三四五六七八九十_m 。_x 」_x ,為什麼是十?,
B1 L13,我家_r 有_v1 一個_m 小_a 院子_地方,我家有一個什麼地方?,
B1 L13,媽媽_人1 在_p 院子_地方 裡_f 掃_v2 地_n,媽媽在院子裡做什麼?,
B1 L13,媽媽_人1 在_p 院子_地方 裡_f 掃_v2 地_n,誰在院子裡掃地?,
B1 L13,爸爸_人2 在_p 院子_地方 裡_f 澆_v3 花_物1,爸爸在院子裡做什麼?,
B1 L13,爸爸_人2 在_p 院子_地方 裡_f 澆_v3 花_物1,誰在院子裡澆花?,
B1 L13,我_人3 在_p 院子_地方 裡_f 拍_v4 皮球_物2,誰在院子裡拍皮球?,
B1 L13,我_人3 在_p 院子_地方 裡_f 拍_v4 皮球_物2,我在院子做什麼?,
B1 L13,小狗_n 在_p 院子_地方 裡_f 追_v2 小_a 貓_n ，_x 小貓_n 一_m 跳_v3 ，_x 跳到_v4 大樹_地方 上_f,誰跳到大樹上?,
B1 L14,今天_時 老師_人1 說_v1 了_ul 一個_m 笑話_事,老師說了什麼事?,
B1 L14,今天_時 老師_人1 說_v1 了_ul 一個_m 笑話_事,誰說了一個笑話?,
B1 L14,今天_時 老師_人1 說_v1 了_ul 一個_m 笑話_事,老師什麼時候說了一個笑話?,
B1 L14,有_v1 一個_m 人_人1 向_p 畫家_人2 要_v2 一張_m 畫_物1,向畫家要什麼物品?,
B1 L14,有_v1 一個_m 人_人1 向_p 畫家_人2 要_v2 一張_m 畫_物1,向誰要一張畫?,
B1 L14,畫家_人3 送_v1 他_人4 一張_m 白紙_物1,畫家送他什麼?,
B1 L14,畫家_人1 說_v1 ：_x 「_x 我_人2 畫_v2 一頭_m 牛_n 在_p 吃_v3 草_物 。_x 」_x ,畫家說他畫什麼在吃草?,
B1 L14,那人_人1 問_v1 ：_x 「_x 草_物 在_p 哪裡_r ？_x 」_x ,那人問什麼在哪裡?,
B1 L14,畫家_人1 說_v1 ：_x 「_x 草_物 被_p 牛_n 吃_事 了_ul 。_x 」_x,草被誰吃了?,
B1 L14,那個_人1 人_n 又_d 問_v1 ：_x 「_x 牛_n 在_p 哪裡_r ？_x 」_x ,那個人又問什麼在哪裡?,
B1 L14,畫家_人1 回答_v1 ：_x 「_x 牛_n 吃_事 了_ul 草_物 ，_x 就_d 回家_v2 了_ul ,牛吃完草之後去哪裡?,
B1 L14,老師_人2 說_v3 完_v4 笑話_n ，_x 大家_人3 都_d 笑_v5 了_ul ,老師說完笑話大家都如何?,
B1 L15,泰國_地方 有_v1 很多_m 大象_物1,泰國有很多什麼?,
B1 L15,泰國_地方 有_v1 很多_m 大象_物1,哪裡有很多大象?,
B1 L15,李爺爺_人1 家_n 有_v1 三頭_m 大象_物1,誰家有三頭大象?,
B1 L15,李爺爺_人1 家_n 有_v1 三頭_m 大象_物1,李爺爺家有幾頭大象?,
B1 L15,爸爸_人2 帶_v2 我_人3 去_v3 李爺爺_人4 家_n 看_v4 大象_物2,爸爸帶誰去李爺爺家看大象?,
B1 L15,爸爸_人2 帶_v2 我_人3 去_v3 李爺爺_人4 家_n 看_v4 大象_物2,誰帶我去李爺爺家看大象?,
B1 L15,爸爸_人2 帶_v2 我_人3 去_v3 李爺爺_人4 家_n 看_v4 大象_物2,爸爸帶我去看什麼?,
B1 L15,我_人1 看到_v1 大象_物 有_v2 一條_m 長長_a 的_uj 鼻子_n,大象有長長的什麼?,
B1 L15,我_人1 看到_v1 大象_物 有_v2 一條_m 長長_a 的_uj 鼻子_n,大象的鼻子如何?,
B1 L15,有_v3 兩隻_m 大大_a 的_uj 耳朵_n,有大大的什麼?,
B1 L15,還_d 有_v4 四隻_m 粗粗_a 的_uj 腿_n,有粗粗的什麼?,
B1 L15,我_人1 喜歡_v1 大象_物,我喜歡什麼?,
B2 L1,開學_v 了_ul ，_x 我們_人 走進_v 學校_地,開學了我們走進去哪裡?,
B2 L1,看到_v 同學_人 都_d 長_v 高_a 了_ul,同學們都如何?,
B2 L1,大家_人 相見_v 真_d 開心_a,大家相見心情如何?,
B2 L1,上課_v 了_ul ，_x 老師_人 教_v 我們_人 讀書_n ,上課了老師教我們?,
B2 L1,老師_人 教_v 我們_人 寫_v 字_n,老師教我們什麼?,
B2 L1,上學_n 真_d 快樂_a ,上學心情如何?,
B2 L1,下課_v 了_ul ，_x 我_人 和_c 同學_人 一起_m 打球_v,下課了我和同學一起做什麼?,
B2 L1,下課_v 了_ul ，_x 我_人 和_c 同學_人 一起_m 打球_v,下課了我和誰一起打球?,
B2 L1,我_人 和_c 同學_人 一起_m 玩耍_v,我和誰一起玩耍?,
B2 L1,我_人 和_c 同學_人 一起_m 玩耍_v,我和同學一起做什麼?,
B2 L2,小_a 毛蟲_n ，_x 真_d 可愛_a,小毛蟲真如何?,
B2 L2,喜歡_v 爬_v 呀_y 爬_v,喜歡做什麼事?,
B2 L2,爬到_v 樹上_地 吃_v 葉子_物,爬到哪裡吃葉子?,
B2 L2,爬到_v 樹上_地 吃_v 葉子_物,爬到樹上吃什麼?,
B2 L2,爬到_v 樹上_地 去_v 喝水_v,爬到哪裡去喝水?,
B2 L2,爬到_v 樹上_地 去_v 喝水_v,爬到樹上去做什麼?,
B2 L2,快快_d 長大_v 變_nz 蝴蝶_n,快快長大變什麼?,
B2 L2,快樂_a 飛_nr 在_p 花園_n 中_f,快樂飛在哪裡?,
B2 L3,夏天_時 的_uj 晚上_時,什麼天的晚上?,
B2 L3,夏天_時 的_uj 晚上_時,夏天的什麼時候?,
B2 L3,我們_人 坐在_v 院子_地 裡_f,我們坐在哪裡?,
B2 L3,看_v 天上_地 的_uj 星星_物,看天上的什麼?,
B2 L3,看_v 天上_地 的_uj 星星_物,看哪裡的星星?,
B2 L3,小_a 星星_物 在_p 天空_地 發出_v 亮光_n,小星星在哪裡發出亮光?,
B2 L3,小_a 星星_物 ，_x 在_p 遠_a 遠_a 的_uj 天空_地,小星星在哪裡?,
B2 L3,一閃一閃_l 的_uj ，_x 連成_v 了_ul 一條_m 星河_n,一閃一閃連成了什麼?,
B2 L3,我_人 和_c 弟弟_人 一起_m 數_v,我和弟弟一起做什麼?,
B2 L3,我_人 和_c 弟弟_人 一起_m 數_v,我和誰一起數?,
B2 L4,下過_v 雨_物 ，_x 太陽_物 出來_v 了_ul,下過雨什麼東西出來了?,
B2 L4,天空_地 出現_v 了_ul 一道_m 彩虹_物,天空出現了什麼?,
B2 L4,美麗_a 的_uj 虹_物,美麗的什麼?,
B2 L4,彎彎的_z ，_x 像_v 一座_m 橋_物,像一座什麼?,
B2 L4,彎彎的_z 彩虹_物 上_f ，_x 有_v 許多_m 顏色_n,彩虹有許多什麼?,
B2 L4,美麗_a 的_uj 虹_物 ，_x 一共_j 有_v 七種_m 顏色_n,虹有幾種顏色?,
B2 L4,是_v 一座_m 七色_n 的_uj 橋_物 ,是一座七色的什麼?,
B2 L4,我_人 要_v 趕快_d 把_p 美麗_a 的_uj 彩虹_物 畫_v 下來_v,我要趕快把什麼東西畫下來?,
B2 L5,花園_地方 裡_f ，_x 草_n 綠_a 了_ul ，_x 花開_v 了_ul,什麼地方的花開了?,
B2 L5,媽媽_人 說_v ：_x 「_x 天氣_n 暖和_a 了_ul ，_x 春天_時 來_v 了_ul 。_x 」,天氣暖和什麼時候了?,
B2 L5,媽媽_人 說_v ：_x 「_x 大地_地 開滿_v 了_ul 花_物 ，_x 就是_d 春天_時 來_v 了_ul 。_x 」_x ,大地開滿了花就是什麼時候來了?,
B2 L6,爸爸_人 對_p 我們_人 說_zg ：_x 「_x 種樹_v 很_d 重要_a ，_x 我們_人一起_m 來_v 種樹_v 吧_y ！_x 」_x,爸爸說什麼很重要?,
B2 L6,爸爸_人 種_v 的_uj 是_v 松樹_物,誰種松樹?,
B2 L6,爸爸_人 種_v 的_uj 是_v 松樹_物,爸爸種什麼?,
B2 L6,他_人 說_v 松樹_物 不怕_c 風雨_物 ，_x 活得_v 長_a,松樹不怕什麼?,
B2 L6,我_人 種_v 了_ul 山茶花_物,我種了什麼?,
B2 L6,我_人 種_v 了_ul 山茶花_物,誰種了山茶花?,
B2 L6,弟弟_人 要_v 種_v 香蕉_物 ,弟弟種了什麼?,
B2 L6,弟弟_人 要_v 種_v 香蕉_物 ,誰要種香蕉?,
B2 L6,媽媽_人 說_v ：_x 「_x 你們_人 種樹_v ，_x 我_人 來_v 澆_v 水_n,誰澆水?,
B2 L6,媽媽_人 說_v ：_x 「_x 你們_人 種樹_v ，_x 我_人 來_v 澆_v 水_n,媽媽來做什麼?,
B2 L7,星期天_時 的_uj 下午_時,星期天的什麼時候?,
B2 L7,星期天_時 的_uj 下午_時,哪天的下午?,
B2 L7,媽媽_人 帶_v 我_人 和_c 弟弟_人 去_v 看_v 大象_人 表演_v,媽媽帶我和誰去看大象表演?,
B2 L7,媽媽_人 帶_v 我_人 和_c 弟弟_人 去_v 看_v 大象_人 表演_v,媽媽帶我和弟弟去看誰表演?,
B2 L7,大象_人 用_v 鼻子_物 拿_v 起_v 彩色筆_物 畫_v 圖_物,大象用什麼拿起彩色筆?,
B2 L7,大象_人 用_v 鼻子_物 拿_v 起_v 彩色筆_物 畫_v 圖_物,大象用鼻子拿起什麼東西?,
B2 L7,大象_人 用_v 鼻子_物 拿_v 起_v 彩色筆_物 畫_v 圖_物,大象用彩色筆做什麼?,
B2 L7,大象_人 用_v 鼻子_物 拿_v 起_v 彩色筆_物 畫_v 圖_物,誰用彩色筆畫圖?,
B2 L7,弟弟_人 看_v 了_ul 說_v ：_x 「_x 大象_人 真_d 像_v 個_q 大_a 畫家_人 。_x 」_x,大象像什麼?,
B2 L7,有_v 的_uj 大象_人 跟著_v 音樂_n 跳舞_v,誰跟著音樂跳舞?,
B2 L7,有_v 的_uj 大象_人 跟著_v 音樂_n 跳舞_v,大象跟著什麼跳舞?,
B2 L7,一邊_d 跳舞_v ，_x 一邊_d 向_p 大家_人 要_v 香蕉_物 吃_v,向大家要什麼吃?,
B2 L7,媽媽_人 買_v 了_ul 香蕉_物 拿_v 給_p 大象_人,媽媽買了什麼拿給大象?,
B2 L7,媽媽_人 買_v 了_ul 香蕉_物 拿_v 給_p 大象_人,媽媽買了香蕉拿給誰?,
B2 L7,大象_人 拿到_v 香蕉_物 ，_x 就_d 向_p 媽媽_人 點_m 點頭_v,大象拿到香蕉向誰點頭?,
B2 L8,有一_nr 隻_zg 愛_v 唱歌_n 的_uj 烏鴉_n,烏鴉愛做什麼事?,
B2 L8,唱_v 得_ud 口渴_n 了_ul,唱得如何了?,
B2 L8,烏鴉_n 正_d 想_v 找水_v 喝_vg 的_uj 時候_n,烏鴉正想做什麼的時候?,
B2 L8,烏鴉_n 正_d 想_v 找水_v 喝_vg 的_uj 時候_n,誰正想找水喝的時候?,
B2 L8,看見_v 了_ul 一個_m 水瓶_物,看見了什麼東西?,
B2 L8,水瓶_物 裡_f 只有_c 一點點_m 水_物 ，_x 瓶口_n 又_d 小_a,水瓶的瓶口如何?,
B2 L8,他_人 喝_vg 不到_v 瓶_物 裡_f 的_uj 水_物,他喝不到瓶裡的什麼?,
B2 L8,他_人 把_p 許多_m 小_a 石子_物 ，_x 放到_v 水瓶_物 裡_f,他把什麼放進水瓶裡?,
B2 L8,水瓶_物 裡_f 的_uj 水_物 升高_v 了_ul,水瓶的水如何?,
B2 L9,小方_人 在_p 學校_地方 裡_f,小方在哪裡?,
B2 L9,小方_人 在_p 學校_地方 裡_f,誰在學校裡?,
B2 L9,學會_v 了_ul 很多_m 詞語_物,學會了很多什麼?,
B2 L9,現在_時 他_人 很_d 注意_v1 聽_v 大家_人 說_v 的_uj 話_n,現在很注意大家的什麼?,
B2 L9,他_人 聽到_v 媽媽_人 說_v ：_x 「_x 我_人 買_v 了_ul 一件_m 新_a 衣服_物 ，_x 很_d 滿意_v 。_x 」_x ,媽媽買了什麼?,
B2 L9,他_人 聽到_v 媽媽_人 說_v ：_x 「_x 我_人 買_v 了_ul 一件_m 新_a 衣服_物 ，_x 很_d 滿意_v 。_x 」_x ,誰買了一件新衣服?,
B2 L9,他_人 聽到_v 爸爸_人 說_zg ：_x 「_x 我_人 做_v 完_v 一件_m 事_事 ，_x 很_zg 得意_v 。_x 」_x,爸爸做什麼事很滿意?,
B2 L9,他_人 聽到_v 哥哥_人 說_zg ：_x 「_x 我_人 跟_p 校長_人 一起_m 照相_事 ，_x 很_d 神氣_a 。_x 」_x,哥哥跟誰一起照相很神氣?,
B2 L9,他_人 聽到_v 哥哥_人 說_zg ：_x 「_x 我_人 跟_p 校長_人 一起_m 照相_事 ，_x 很_d 神氣_a 。_x 」_x,哥哥跟校長一起做什麼事?,
B2 L9,看來_v ，_x 全家人_人 都_d 很_d 開心_a,全家人都很?,
B2 L9,小方_人 在_p 學校_地方 裡_f,小方在哪裡?,
B2 L10,今天_時 放假_v ，_x 爸爸_人 帶_v 我_人 和_c 弟弟_人 去_v 動物園_地,爸爸帶我和誰去動物園?,
B2 L10,今天_時 放假_v ，_x 爸爸_人 帶_v 我_人 和_c 弟弟_人 去_v 動物園_地,爸爸帶我和弟弟去哪裡?,
B2 L10,今天_時 放假_v ，_x 爸爸_人 帶_v 我_人 和_c 弟弟_人 去_v 動物園_地,誰帶我和弟弟去動物園?,
B2 L10,我_人 在_p 動物園_地 門口_s,我在哪裡?,
B2 L10,我_人 在_p 動物園_地 門口_s,誰在動物園門口?,
B2 L10,碰到_v 了_ul 幾個_m 朋友_人,碰到了誰?,
B2 L10,他們_人 也_d 來看_u 動物_物,他們也來看什麼?,
B2 L10,在_p 動物園_地 裡_f ，_x 我_人 看到_v 可愛_v 的_uj 山羊_物、_x 高大_a 的_uj 水牛_物 ,在動物園我們看到什麼?,
B2 L10,還_x 看到_v 許多_m 小_a 猴子_人 在_p 樹上_地 跳_v 來_v 跳_v 去_v,看到什麼在樹上跳?,
B2 L10,還_x 看到_v 許多_m 小_a 猴子_人 在_p 樹上_地 跳_v 來_v 跳_v 去_v,看到小猴子在哪裡跳?,
B2 L10,小_a 猴子_人 喜歡_v 學_v 人_人 的_uj 動作_n,小猴子喜歡學誰的動作?,
B2 L11,有_v 一隻_m 小_a 烏鴉_人 找到_v 一塊_m 肉_物,小烏鴉找到甚麼,
B2 L11,他_人 叼_v 著_v 這塊_r 肉_物，_x 飛到_v 一棵_m 大樹_地 上_f ,他叼著這塊肉飛到哪裡?,
B2 L11,小_a 烏鴉_人 正要_a 吃_v 這塊_r 肉_物 時_ng ，_x 被_p 樹下_地 的_uj 狐狸_人 看到_v 了_ul ,烏鴉正要吃肉時被誰看到了?,
B2 L11,烏鴉_人 聽到_v 狐狸_人 說_v 他_人 的_uj 歌聲_物 很_d 好_a 聽_v ，_x 心裡_地 很_d 高興_a,烏鴉聽到狐狸說他什麼心裡很開心?,
B2 L11,想不到_l 一_m 開口_v ，_x 口裡_地 叼_v 著_v 的_uj 肉_物 就_d 掉_v 到_v 樹下_地 了_ul,一開口肉就掉到哪裡了?,
B2 L12,橋_物 的_uj 這_r 一頭_m ，_x 有一_nr 隻_zg 白_a 狗_人,橋的這一頭有一隻什麼?,
B2 L12,橋_物 的_uj 那_r 一頭_m ，_x 有一_nr 隻_zg 黑_a 狗_人,橋的那一頭有一隻什麼?,
B2 L12,白狗_人 要_v 過_ug 橋_物 ，_x 黑狗_人 也_d 要_v 過_ug 橋_物 ,誰要過橋?,
B2 L12,兩_m 隻_y 狗_人 打_v 起_v 來_v ，_x 都_d 掉_v 到_v 河裡_地 去_v 了_ul,兩隻狗掉到哪裡了?,
B2 L12,橋_物 的_uj 東邊_s ，_x 有一_nr 隻_zg 白羊_人,橋的東邊有什麼?,
B2 L12,橋_物 的_uj 西邊_s ，_x 有一_nr 隻_zg 黑羊_人,橋的西邊有什麼?,
B2 L12,白羊_人 要_v 過_ug 橋_物 ，_x 黑羊_人 也_d 要_v 過_ug 橋_物 ,誰要過橋?,
B2 L12,兩隻_m 羊_人 走_v 到_v 橋_物 中間_f ，_x 白羊_人 退回去_l ，_x 讓_v 黑_a 羊_人 先_d 過_ug 橋_n ,誰先過橋?,
B2 L13,我_人 是一隻小_a 蝸牛_物,我是什麼?,
B2 L13,我_人 有_v 一個_m 可愛_a 的_uj 家_物,我有一個可愛的什麼?,
B2 L13,我_人 的_uj 家_物 小小的_z ，_x 只有_c 一個_m 房間_物,我的家只有一個什麼?,
B2 L13,我_人 每天_r 辛苦_a 的_uj 背著_v 小_a 房子_物 走路_v,我每天背著什麼走路?,
B2 L13,我_人 背著_v 小_a 房子_物 爬_v 樹_物,我背著什麼爬樹?,
B2 L13,我_人 背著_v 小_a 房子_物 找_v 食物_物,我背著小房子找什麼?,
B2 L13,下雨_v 了_ul ，_x 我_人 也_d 躲_v 在_p 我_人 的_uj 小_a 房子_物 裡_f,下雨我躲在哪裡?,
B2 L13,我_人r 天天_t 背著_v 我_人 的_uj 家_物 ，_x 我_人 愛_v 我_人 的_uj 家_物,我天天背著什麼?,
B2 L14,告訴_v 你_人 今天_時 好_a 天氣_n,告訴你哪天好天氣?,
B2 L14,金色_a 陽光_物 照著_v 大地_地,什麼顏色陽光照大地?,
B2 L14,好_a 想_v 找_v 你_人 去_v 公園_地,想找你去哪裡?,
B2 L14,一起_m 散步_v 在_p 公園_地 裡_f,一起在哪裡散步?,
B2 L14,一起_m 散步_v 在_p 公園_地 裡_f,一起在公園裡做什麼?,
B2 L14,讓_v 你_人 知道_v 我_人 正在_時 想_v 你_人,讓你知道我正在做什麼?,
B2 L14,你_人 也_d 要_v 把_p 我_人 放在_v 你_人 心裡_地,你要把我放在誰心裡?,
B2 L15,放假_v 了_ul ，_x 我們_人 全家_人 去_v 曼谷_地 玩_v,我們全家去哪裡玩?,
B2 L15,在_p 曼谷_地 的_uj 叔叔_人 開車_v 來接_v 我們_人,誰開車來接我們?,
B2 L15,我_人 看到_v 路上_地 有_v 一種_m 車_物,我在哪看到一種車?,
B2 L15,只有_c 三個_m 輪子_物 ,有幾個輪子?,
B2 L15,我_人 好奇_a 的_uj 問_n 叔叔_人 ：_x 「_x 那_r 是_v 什麼_r 車_物 ？_x 」,我好奇問誰那是什麼車?,
B2 L15,叔叔_人 說_zg ：_x 「_x 那_r 是_v 嘟嘟_o 車_物 。_x 」_x,叔叔說那是什麼車?,
B2 L15,叔叔_人 笑_v 著_v 說_v ：_x 「_x 如果_c 我_人 沒_d 開車_v 來接_v 你們_人 ，_x 你們_人 就_d 可以_c 坐_v 嘟嘟_o 車_物 來_v 我家_地 了_ul 。_x 」_x,叔叔說如果我沒開車來接你們可以坐什麼車來我家?,
B2 L15,妹妹_人 高興_a 的_uj 說_v ：_x 「_x 以後_時 叔叔_人 你_人 不要_df 來接_v 我們_人 ，_x 我們_人 就_d 可以_c 坐_v 嘟嘟_o 車_物 了_ul 。_x 」_x,誰不要叔叔開車來接我們?,
B3 L1,開學_v 了_ul ，_x 同學_人 們_k 都_d 回到_v 學校_n 上課_v ,開學了同學們都回到哪裡?,
B3 L1,大家_人 一_m 看到_v 老師_人 ，_x 都_d 向_p 老師_人 合掌_v 行禮_v,大家看到老師都做什麼?,
B3 L1,老師_人 很_d 高興_a 的_uj 說_v ：_x 「_x 好久_m 不見_v ，_x 你們_人 都_d 長_v 高_a 了_ul 。_x 」_x,老師說你們都如何?,
B3 L1,這_r 學期_n 班上_地 來_v 了_ul 兩個_m 新_a 同學_人,這學期班上來了兩個誰?,
B3 L1,老師_人 要_v 我們_人 多_m 幫助_v 他們_人,老師要我們如何?,
B3 L1,讓_v 他們_人 在_p 新_a 學校_地 快樂_a 的_uj 學習_事,讓他們快樂的如何?,
B3 L1,我們_人 聽_v 了_ul 都_d 拍手_v 歡迎_v 新_a 同學_人,我們拍手歡迎誰?,
B3 L1,新學期_n ，_x 我_人 有_v 新_a 希望_事,新學期我有新的什麼?,
B3 L1,我_人 希望_v 能_v 和_c 同學_人 一起_m 讀書_v ，_x 一起_m 遊戲_v,希望能和同學一起做什麼?,
B3 L1,我_人 希望_v 能_v 和_c 同學_人 一起_m 讀書_v ，_x 一起_m 遊戲_v,希望能和誰一起讀書?,
B3 L2,勤勞_a 的_uj 太陽_人 ，_x 天天_時 忙著_v 做_v 事_事,太陽天天忙著做什麼事?,
B3 L2,春天_時 太陽_人 照_v 在_p 花兒_物 上_f ，_x 花兒_物 開_v 得_ud 更_d 美麗_a,什麼時候太陽照在花兒上?,
B3 L2,春天_時 太陽_人 照_v 在_p 花兒_物 上_f ，_x 花兒_物 開_v 得_ud 更_d 美麗_a,花兒開得更如何?,
B3 L2,夏天_時 太陽_人 照_v 在_p 稻子_物 上_f ，_x 稻子_物 長_a 得_ud 更_d 高大_a,什麼時候太陽照在稻子上?,
B3 L2,夏天_時 太陽_人 照_v 在_p 稻子_物 上_f ，_x 稻子_物 長_a 得_ud 更_d 高大_a,稻子長得更如何?,
B3 L2,秋天_時 太陽_人 照_v 在_p 果樹_物 上_f ，_x 果子_物 熟_a 得_ud 更_d 快_a 了_ul,什麼時候太陽照在果樹上?,
B3 L2,秋天_時 太陽_人 照_v 在_p 果樹_物 上_f ，_x 果子_物 熟_a 得_ud 更_d 快_a 了_ul,什麼東西熟得更快了?,
B3 L2,冬天_時 的_uj 太陽_人 ，_x 照_v 在_p 小_a 花貓_物 的_uj 身上_地,什麼時候太陽照在花貓上?,
B3 L2,小_a 花貓_人 睡_v 得_ud 更_d 香甜_a 了_ul,誰睡得更香甜了?,
B3 L3,有_v 一天_m ，_x 爸爸_人 帶_v 我_人 去_v 山上_地 工作_vn,誰帶我去山上工作?,
B3 L3,有_v 一天_m ，_x 爸爸_人 帶_v 我_人 去_v 山上_地 工作_vn,爸爸帶誰去山上工作?,
B3 L3,有_v 一天_m ，_x 爸爸_人 帶_v 我_人 去_v 山上_地 工作_vn,爸爸帶我去哪裡工作?,
B3 L3,有_v 一天_m ，_x 爸爸_人 帶_v 我_人 去_v 山上_地 工作_vn,爸爸帶我去山上做什麼?,
B3 L3,爸爸_人 對_p 我_人 說_v ：_x 「_x 你_人 可以_c 帶_v 彩色筆_物 去_v 山上_地 畫_v 畫_n 。_x 」_x ,可以帶什麼去山上畫畫,
B3 L3,爸爸_人 對_p 我_人 說_v ：_x 「_x 你_人 可以_c 帶_v 彩色筆_物 去_v 山上_地 畫_v 畫_n 。_x 」_x ,可以帶彩色筆去山上做什麼?,
B3 L3,我_人 站_v 在_p 山上_地 ，_x 看到_v 高高低低_z 的_uj 山_物 ,我站在哪裡看到高高低低的山?,
B3 L3,有時_時 白雲_n 飄過來_v ，_x 有_v 一半_m 的_uj 山_物 在_p 雲_物 的_uj 上面_f,有一半的山在什麼的上面?,
B3 L3,我_人 從_p 山上_地 向下_v 看_v,我站在哪裡向下看?,
B3 L3,山下_地 的_uj 河流_物 變小_v 了_ul,山下的什麼變小了?,
B3 L3,房屋_物 也_d 變_v 小_a 了_ul,什麼也變小了?,
B3 L3,我_人 畫_v 了_ul 一張_m 畫_物,我畫了一張什麼?,
B3 L3,畫_物 裡_f 有_v 山_物 ，_x 有_v 河_物 ，_x 還_d 有_v 房子_物,畫裡面有什麼?,
B3 L3,我_人 把_p 大自然_物 畫_v 在_p 紙_物 上_f 了_ul ,我把什麼畫在紙上了?,
B3 L4(一),小鵝_人 跟_p 在_p 後頭_s 走_v ,誰跟在後頭走?,
B3 L4(一),野草地_地 　_x 小花_物 多_m,草地上什麼多?,
B3 L4(一),小鵝_人 看_v 花_物 不想_v 走_v,小鵝看什麼不想走?,
B3 L4(一),鵝媽媽_人 　_x 輕輕_d 說_v 別_d 看_v 花_物 　_x 向前走_v,誰說別看花向前走?,
B3 L4(一),小河_物 彎彎_v 在_p 前頭_f,什麼在前頭?,
B3 L4(一),戲弄_v 綠波_n 真_d 快樂_a,戲弄什麼真快樂?,
B3 L4(二),我_人 有_v 一個_m 洋娃娃_物,我有一個什麼?,
B3 L4(二),我_人 有_v 一個_m 洋娃娃_物,誰有一個洋娃娃?,
B3 L4(二),腿兒_物 長長_a 　,什麼長?,
B3 L4(二),眼睛_物 大_a,什麼大?,
B3 L4(二),好像_v 我_人 的_uj 小妹妹_人 ,好像我的什麼?,
B3 L4(二),我_人 哭_v 了_ul 　_x 她_人 也_d 哭_v ,我哭的時候她也如何?,
B3 L4(二),開心_v 時候_t 哈哈笑_v 她_人 也_d 跟_p 我_人 笑哈哈_v ,開心的時候她跟我如何?,
B3 L5,有_v 一隻_m 小_a 蜘蛛_人 ，_x 在_p 樹上_地 結_v 了_ul 一面_m 網_物,誰在樹上結網?,
B3 L5,有_v 一隻_m 小_a 蜘蛛_人 ，_x 在_p 樹上_地 結_v 了_ul 一面_m 網_物,蜘蛛在哪裡結網?,
B3 L5,有_v 一隻_m 小_a 蜘蛛_人 ，_x 在_p 樹上_地 結_v 了_ul 一面_m 網_物,蜘蛛在樹上做什麼?,
B3 L5,清早_時 蜘蛛網_物 上_s 有_v 許多_m 水珠_物 ,什麼時候蜘蛛網上有許多水珠?,
B3 L5,清早_時 蜘蛛網_物 上_s 有_v 許多_m 水珠_物 ,哪裡有許多水珠?,
B3 L5,清早_時 蜘蛛網_物 上_s 有_v 許多_m 水珠_物 ,清晨蜘蛛網上有很多什麼?,
B3 L5,每_r 一顆_m 水珠_物 都_d 像_v 珍珠_物 一樣_m 閃閃_z 發光_v,水珠像什麼一樣閃閃發光?,
B3 L5,有_v 一隻_m 蚊子_人 飛來_v 飛去_v ，_x 一不小心_l 飛到_v 蜘蛛網_物 上_f,誰飛到蜘蛛網上?,
B3 L5,蜘蛛網_物 抓住_v 了_ul 蚊子_人 的_uj 腳_物,蜘蛛網抓住了蚊子的哪裡?,
B3 L5,蜘蛛網_物 抓住_v 了_ul 蚊子_人 的_uj 腳_物,什麼抓住了蚊子?,
B3 L5,蚊子_人 一動_v 也_d 不動_v ，_x 停_v 在_p 蜘蛛網_物 上_f,蚊子停在哪裡?,
B3 L5,有_v 一隻_m 小蜜蜂_物 ，_x 飛到_v 蜘蛛網_物 前_s ,小蜜蜂飛到哪裡?,
B3 L5,有_v 一隻_m 小蜜蜂_物 ，_x 飛到_v 蜘蛛網_物 前_s ,誰飛到蜘蛛網前?,
B3 L5,看見_v 蚊子_人 被_p 抓住_v ，_x 趕忙_d 飛走_v 了_ul,看見誰被抓住趕忙飛走?,
B3 L6,一隻_m 青蛙_人 住_v 在_p 一口_m 又_d 深_a 又_d 黑_a 的_uj 井裡_地,青蛙住在哪裡?,
B3 L6,一隻_m 青蛙_人 住_v 在_p 一口_m 又_d 深_a 又_d 黑_a 的_uj 井裡_地,誰住在井裡?,
B3 L6,青蛙_人 在_p 井裡_地 每天_r 抬起_v 頭_物 來_v ,誰在井裡抬起頭來?,
B3 L6,看到_v 的_uj 只是_c 一個_m 圓圓_z 的_uj 小_a 天空_地,看到的只是一個什麼?,
B3 L6,有_v 一天_m ，_x 一隻_m 小_a 鳥_人 停_v 在_p 井口_地 ,一隻小鳥停在哪裡?,
B3 L6,有_v 一天_m ，_x 一隻_m 小_a 鳥_人 停_v 在_p 井口_地 ,誰停在井口?,
B3 L6,小鳥_人 喘著_v 氣_n 說_v ：_x 「_x 我_人 飛_v 了_ul 好久_m ，_x 好_a 累_a 喔_o ！_x 」_x,誰飛了好久好累?,
B3 L6,小_a 鳥_人 看_v 了_ul 看_v 井裡_地 的_uj 青蛙_人 說_zg ：_x 「_x 你_人 住_v 在_p 井裡_地 ，_x 沒有_v 看見_v 外面_f 的_uj 世界_n ,誰住在井裡沒有看見外面的世界?,
B3 L6,你_人 知道_v 外面_f 的_uj 世界_n 有_v 多_m 美麗_a 嗎_y ？_x 你_人 應該_v 跳出_v 來_zg ，_x 看一看_v 外面_f 的_uj 世界_n ,為什麼應該跳出來看一看外面的世界?,
B3 L7,有_v 一天_m ，_x 爸爸_人 帶_v 我_人 去_v 上學_v,爸爸帶誰去上學?,
B3 L7,有_v 一天_m ，_x 爸爸_人 帶_v 我_人 去_v 上學_v,誰帶我去上學?,
B3 L7,有_v 一天_m ，_x 爸爸_人 帶_v 我_人 去_v 上學_v,爸爸帶我去哪裡?,
B3 L7,我_人 看到_v 路_地 的_uj 兩旁_f 插滿_v 了_ul 國旗_物 ,我看到路兩旁插滿了什麼?,
B3 L7,我_人 看到_v 路_地 的_uj 兩旁_f 插滿_v 了_ul 國旗_物 ,誰看到路兩旁插滿了國旗?,
B3 L7,當然_d 知道_v ，_x 這_r 是_v 泰國_地 的_uj 國旗_物,這是哪裡的國旗?,
B3 L7,我們_人 的_uj 國旗_物 有_v 三種_m 顏色_n,國旗有幾種顏色?,
B3 L7,藍色_n 是_v 指_v 國王_人,藍色指什麼?,
B3 L7,藍色_n 是_v 指_v 國王_人,什麼顏色指國王?,
B3 L7,白色_n 是_v 指_v 宗教_n,白色指什麼?,
B3 L7,白色_n 是_v 指_v 宗教_n,什麼顏色指宗教?,
B3 L7,紅色_n 是_v 指_v 國家_n 和_c 人民_人,紅色指什麼?,
B3 L7,我_人 對_p 爸爸_人 說_zg ：_x 「_x 我_人 覺得_v 泰國_地 的_uj 國旗_物 ，_x 是_v 最_d 漂亮_a 的_uj 國旗_物 。_x 」_x,我覺得最漂亮的是哪國國旗?,
B3 L8,母親節_n 快_v 到_v 了_ul,什麼節日快到了?,
B3 L8,我_人 和_c 姐姐_人 想送_v 給_p 媽媽_人 一樣_u 禮物_物,我和誰送給媽媽一樣禮物?,
B3 L8,我_人 和_c 姐姐_人 想送_v 給_p 媽媽_人 一樣_u 禮物_物,誰和姊姊送給媽媽一樣禮物?,
B3 L8,我_人 和_c 姐姐_人 想送_v 給_p 媽媽_人 一樣_u 禮物_物,我和姊姊送給誰一樣禮物?,
B3 L8,但是_c 我們_人 不_d 知道_v 要_v 送_v 什麼_r 禮物_物 給_p 媽媽_人,我們不知道送什麼禮物給誰?,
B3 L8,我_人 和_c 姐姐_人 做_v 了_ul 一張_m 卡片_物,我和誰做了一張卡片?,
B3 L8,我_人 和_c 姐姐_人 做_v 了_ul 一張_m 卡片_物,誰和我做了一張卡片?,
B3 L8,我_人 和_c 姐姐_人 做_v 了_ul 一張_m 卡片_物,我和姊姊做了什麼?,
B3 L8,親愛_a 的_uj  媽媽_人 ：_x 您_人 教_v 我們_人 讀書_事 ，_x 教_v 我們_人 寫_v 字_物 ，_x 我們_人 非常_d 感謝_v 您_人,誰教我們讀書?,
B3 L8,親愛_a 的_uj  媽媽_人 ：_x 您_人 教_v 我們_人 讀書_事 ，_x 教_v 我們_人 寫_v 字_物 ，_x 我們_人 非常_d 感謝_v 您_人,媽媽教了我們什麼?,
B3 L9,時鐘_物 走_v 不停_d ，_x 日夜_時 不_d 休息_v,什麼東西走不停?,
B3 L9,兩根_m 針_物 ，_x 有_v 長_a 短_a ,有幾根針?,
B3 L9,長針_物 走得_v 快_a,什麼走得快?,
B3 L9,短針_物 走得_v 慢_a,什麼走得慢?,
B3 L9,時間_時 一_m 過去_t ，_x 再也_d 不_d 回頭_v,什麼再也不回頭?,
B3 L9,我們_人 要_v 努力_ad ，_x 一分一秒_m 要_v 愛惜_v,我們要如何?,
B3 L10,有_v 一天_m ，_x 小方_人 問_v 老師_人 ：_x 「_x 古_a 時候_時 沒有_v 時鐘_物 ，_x 他們_人 怎麼_r 知道_v 時間_時 呢_y ？_x 」,古時候沒有什麼?,
B3 L10,老師_人 說_v ，_x 古_a 時候_時 的_uj 人_人 很_d 聰明_a,誰說古時候的人很聰明?,
B3 L10,他們_人 想_v 知道_v 時間_時 ，_x 就_d 把_p 一根_m 竹竿_物 立_v 在_p 地上_地,為什麼把竹竿立在地上?,
B3 L10,就_d 把_p 一根_m 竹竿_物 立_v 在_p 地上_地,把竹竿立在哪裡?,
B3 L10,就_d 把_p 一根_m 竹竿_物 立_v 在_p 地上_地,把什麼立在地上?,
B3 L10,陽光_物 移動_vn 的_uj 時候_時 ，_x 竹竿_物 的_uj 影子_物 就_d 會_v 跟著_v 移動_vn,陽光移動的時候什麼就會跟著移動?,
B3 L10,他們_人 看到_v 竹竿_物 影子_物 的_uj 長_a 短_a ，_x 就_d 知道_v 時間_時 的_uj 早晚_時 了_ul,他們看到什麼的長短就知道時間的早晚?,
B3 L10,古人_人 利用_n 影子_物 看_v 時間_時,古人利用什麼看時間?,
B3 L10,看到_v 陰影_物 移動_vn ，_x 就_d 知道_v 時間_時 過去_v 了_ul,看到什麼移動就知道時間過了?,
B3 L10,所以_c 時間_時 也_d 叫_v 「_x 光陰_n 」_x,時間也叫什麼?,
B3 L10,影子_物 移動_vn 得_ud 很快_d ，_x 大家_人 一定_d 要_v 愛惜_v 光陰_時 ，_x 努力_ad 學習_v 。_x,大家要愛惜什麼努力學習?,
B3 L11,鵝_n 媽媽_人 真_d 漂亮_a,誰真漂亮?,
B3 L11,頭上_地 戴_v 著_v 黃_a 帽子_物,頭上戴著什麼?,
B3 L11,身上_地 穿著_v 白_a 衣裳_物,身上穿著什麼?,
B3 L11,游起_v 水_n 來_v 身子_物 挺_d 得_ud 直_d,游起水來什麼挺得直?,
B3 L11,走起路來_l 脖子_物 伸_v 得_ud 長_a,走起路來什麼伸得長?,
B3 L11,不_d 急_v ，_x 不_d 急_v ，_x 等_u 你_人 長_v 大_a 了_ul ，_x 就_d 會_v 像_v 我_人 一樣_u 漂亮_a 。,什麼時候會像我一樣漂亮?,
B3 L12,外婆家_地 種_v 了_ul 很多_m 橘子_物 樹_物,哪裡種了很多橘子?,
B3 L12,外婆家_地 種_v 了_ul 很多_m 橘子_物 樹_物,外婆家種了很多什麼?,
B3 L12,小_a 橘子_物 先是_d 綠色_a 的_uj ,橘子先是什麼顏色?,
B3 L12,綠色_a 的_uj 小_n 橘子_物 在_p 綠色_a 的_uj 葉子_物 保護_v 下_f 慢慢_d 長大_v 。,小橘子在哪裡保護下長大?,
B3 L12,過_ug 了_ul 幾個_m 月_n ，_x 橘子_物 就_d 會_v 變_v 黃_a,過了幾個月橘子就會變如何?,
B3 L12,等_u 橘子_物 黃_a 了_ul ，_x 就_d 可以_c 吃_v 了_ul,橘子變黃就可以如何?,
B3 L12,外婆家_地 還_d 有_v 一個_m 茶園_地,哪裡有一個茶園?,
B3 L12,外婆家_地 還_d 有_v 一個_m 茶園_地,外婆家外有什麼?,
B3 L12,我們_人 把_p 採下_v 的_uj 茶葉_物 放在_v 院子_地 裡_f 晒_v 乾_j,把什麼放在院子曬乾?,
B3 L12,我們_人 把_p 採下_v 的_uj 茶葉_物 放在_v 院子_地 裡_f 晒_v 乾_j,把茶葉放在哪裡曬乾?,
B3 L12,我們_人 把_p 採下_v 的_uj 茶葉_物 放在_v 院子_地 裡_f 晒_v 乾_j,把茶葉放在院子裡做什麼?,
B3 L12,用_p 晒_v 乾_j 的_uj 茶葉_物 泡茶_v,用什麼泡茶?,
B3 L12,房裡_地 就_d 飄著_v 茶葉_物 的_uj 香味_n,房裡飄著什麼的香味?,
B3 L12,房裡_地 就_d 飄著_v 茶葉_物 的_uj 香味_n,哪裡飄著茶葉的香味?,
B3 L12,我_人 喜歡_v 去_v 外婆家_地 ,我喜歡去哪裡?,
B3 L13,小蟲_人 寫信_v 給_p 螞蟻_人,誰寫信給螞蟻?,
B3 L13,小蟲_人 寫信_v 給_p 螞蟻_人,小蟲寫信給誰?,
B3 L13,他_人 在_p 葉子_物 上_f ，_x 咬_v 了_ul 三個_m 洞_物,他在哪裡咬了三個洞?,
B3 L13,螞蟻_人 收到_v 他_人 的_uj 信_物,誰收到他的信?,
B3 L13,螞蟻_人 收到_v 他_人 的_uj 信_物,螞蟻收到他的什麼?,
B3 L13,也_d 在_p 葉子_物 上_f ，_x 咬_v 了_ul 三個_m 洞_物,也在哪裡咬了三個洞?,
B3 L13,表示_v 「_x 看不懂_v 」_x,表示什麼?,
B3 L13,螞蟻_人 不_d 知道_v 小蟲_人 的_uj 想念_v,螞蟻不知道誰的思念?,
B3 L14,上課_v 的_uj 時候_時 ,什麼時候?,
B3 L14,老師_人 在_p 黑板_物 上_f 畫_v 了_ul 一條_m 直線_物,誰在黑板畫了一條直線?,
B3 L14,老師_人 在_p 黑板_物 上_f 畫_v 了_ul 一條_m 直線_物,老師在哪裡畫了一條直線?,
B3 L14,老師_人 在_p 黑板_物 上_f 畫_v 了_ul 一條_m 直線_物,老師在黑板畫了什麼?,
B3 L14,小方_人 先_d 舉手_v 說_v ：_x 「_x 老師_人 ，_x 這_r 一條_m 線_物 可以_c 變成_v 一隻_m 大_a 手_物,誰說這一條線可以變成大手?,
B3 L14,小方_人 先_d 舉手_v 說_v ：_x 「_x 老師_人 ，_x 這_r 一條_m 線_物 可以_c 變成_v 一隻_m 大_a 手_物,小方說這一條線可以變成什麼?,
B3 L14,把_p 天上_地 的_uj 仙桃_物 摘下_v 來_zg ！,把哪裡的仙桃摘下來?,
B3 L14,把_p 天上_地 的_uj 仙桃_物 摘下_v 來_zg ！,把天上的什麼摘下來?,
B3 L14,小亮_人 接著_v 說_v ：_x 「_x 我_人 想_v 這_r 一條_m 線_物 可以_c 變成_v 一座_m 城堡_物,誰說這一條線可以變成城堡?,
B3 L14,小亮_人 接著_v 說_v ：_x 「_x 我_人 想_v 這_r 一條_m 線_物 可以_c 變成_v 一座_m 城堡_物,小亮說這一條線可以變成什麼?,
B3 L14,裡面_f 有_v 大_a 巨人_人 ，_x 也_d 有_v 小_a 矮_a 人_人,裡面有什麼?,
B3 L14,他們_r 一起_m 玩_v 遊戲_n,他們一起做什麼?,
B3 L14,最後_d 小美_人 說_v ：_x 「_x 我_人 想_v 把_p 這_r 一條_m 線_物 變成_v 一條_m 小河_物,小美說這一條線可以變成什麼?,
B3 L14,最後_d 小美_人 說_v ：_x 「_x 我_人 想_v 把_p 這_r 一條_m 線_物 變成_v 一條_m 小河_物,誰說這一條線可以變成小河?,
B3 L14,讓_x 大家_人 聽到_v 小河_物 快樂_a 的_uj 歌聲_n,讓大家聽到誰的快樂歌聲?,
B3 L15,星期日_時 早上_時,什麼時候早上?,
B3 L15,媽媽_人 帶_v 我_人 和_c 妹妹_人 去_v 拜拜_v,媽媽帶誰去拜拜?,
B3 L15,媽媽_人 帶_v 我_人 和_c 妹妹_人 去_v 拜拜_v,誰帶我去拜拜?,
B3 L15,媽媽_人 帶_v 我_人 和_c 妹妹_人 去_v 拜拜_v,媽媽帶我和誰去拜拜?,
B3 L15,媽媽_人 帶_v 我_人 和_c 妹妹_人 去_v 拜拜_v,誰帶我和妹妹去拜拜?,
B3 L15,媽媽_人 帶_v 我_人 和_c 妹妹_人 去_v 拜拜_v,媽媽帶我和妹妹去做什麼?,
B3 L15,媽媽_人 說_v ：_x 「_x 拜拜_v 時_zg ，_x 衣服_物 要_v 穿_v 整齊_d 。_x 」,拜拜時衣服要如何?,
B3 L15,到_v 了_ul 佛寺_地 ,到了哪裡?,
B3 L15,我_人 看見_v 來_v 拜拜_v 的_uj 人_人 都_d 穿_v 得_ud 整整齊齊_l,我看見拜拜的人都穿得如何?,
B3 L15,沒有_v 人_人 穿_v 短_a 褲_物,沒有人穿什麼?,
B3 L15,也_d 沒有_v 人_人 穿_v 拖鞋_物,也沒有人穿什麼?,
B3 L15,進_v 佛寺_地 裡_f 要_v 脫_v 鞋子_物,進哪裡要脫鞋子?,
B3 L15,進_v 佛寺_地 裡_f 要_v 脫_v 鞋子_物,進佛寺要脫什麼?,
B3 L15,大家_人 光著_v 腳_物 走_v 進去_v,大家光著什麼走進去?,
B3 L15,再_d 合掌_v 拜拜_v,再如何拜拜?,
B3 L15,我_人 看到_v 佛祖_人 全身_n 金光_n 閃閃_z,我看見誰金光閃閃?,
B3 L15,一臉_m 和氣_n 的_uj 樣子,一臉如何?,
B3 L15,使_v 我_人 很_d 感動_v,使我如何?,
B3 L15,我_人 跟著_v 大家_人 雙手_n 合掌_v,我跟著大家做什麼?,
B3 L15,希望_v 佛祖_人 保護_v 大家_人,希望誰保護大家?,
B3 L15,讓_x 大家_人 平安_a 、_x 快樂_a,讓大家如何?,
B7 L1,大自然_人1 會_v1 說話_v2,誰會說話?,
B7 L1,當_p 你_人1 看到_v1 天空_物1 潔淨_z,當你看到天空如何?,
B7 L1,今天_時間 是_v4 晴天_n,今天是什麼天?,
B7 L1,今天_時間 是_v4 晴天_n,哪天是晴天?,
B7 L1,你_人4 可以_c 計畫_v5 去_v6 旅遊_事 ,你可以計畫去?,
B7 L1,如果_c 天空_物1 陰_zg 沉沉的_z,如天空如何?,
B7 L1,烏雲_物2 一_m 片片_m 的_uj 聚在一起_i,什麼一片片聚在一起?,
B7 L1,要_v2 下雨_事 了_ul ，_x 出門_v3 別_d 忘_事 了_ul 帶_v4 把_p 傘_物 ,為什麼出門別忘了帶把傘?,
B7 L1,要_v2 下雨_事 了_ul ，_x 出門_v3 別_d 忘_事 了_ul 帶_v4 把_p 傘_物 ,要下雨了出門別忘記什麼?,
B7 L1,當_zg 地上_s 的_uj 螞蟻_人1 急急忙忙_z 的_uj 搬家_事,地上的螞蟻急急忙忙在做什麼?,
B7 L1,當_zg 地上_s 的_uj 螞蟻_人1 急急忙忙_z 的_uj 搬家_事,誰急急忙忙的搬家?,
B7 L1,從_zg 地上_地方 搬到_v1 樹上_地方,從哪裡搬到哪裡?,
B7 L1, 它_人2 是_v2 換_v3 一個_m 方式_n 告訴_v4 你_人 ：_x 「_x 快要_d 下雨_事 了_ul。_x 」,它換方式告訴你快要什麼事?,
B7 L1,你_人3 看到_v5 樹枝_物1 長出_v6 紅色_a 或_c 綠色_a 的_uj 新芽_物2,樹枝長出什麼色的新芽?,
B7 L1,或是_c 池塘_地方 裡_f 的_uj 青蛙_人4,池塘裡的什麼?,
B7 L1,它們_人5 就_d 告訴_v8 你_人6 ：_x 「_x 春天_時間 來_v9 了_ul ！_x 」_x,什麼天來了?,
B7 L1,一圈圈_m 的_uj 年輪_物1 ，_x 告訴_v1 你_人1 樹_物2 有_v2 多少_m 年紀_t 了_ul,一圈圈的年輪告訴你什麼?,
B7 L1,葉子_物1 從_p 樹上_地方 飄_v1 下來_v2 ,葉子從哪裡飄下來?,
B7 L1,秋天_時間 來_v 了_ul ,什麼天來了?,
B7 L1,天氣_n 轉涼_事 了_ul ，_x 要_v5 記得_v6 多_m 穿_v7 幾件_m 衣服_物2,為什麼要記得多穿幾件衣服?,
B7 L1,天氣_n 轉涼_事 了_ul ，_x 要_v5 記得_v6 多_m 穿_v7 幾件_m 衣服_物2,天氣轉涼要記得如何?,
B7 L1,大自然_d 的_uj 語言_n 處處_地方 都_d 看_v1 得_ud 見_v2,大自然的語言在哪裡看的見?,
B7 L1,喜歡_v 學習_v4 的_uj 人_人1 ，_x 認真_ad 觀察_事 的_uj 人_人2 ，_x 隨時_d 可以_c 從_zg 大自然_d 的_uj 變化_vn 中_f ，_x 學到_v5 知識_事,喜歡什麼的人隨時可以從大自然變化學到知識?,
B7 L1,喜歡_v 學習_v4 的_uj 人_人1 ，_x 認真_ad 觀察_事 的_uj 人_人2 ，_x 隨時_d 可以_c 從_zg 大自然_d 的_uj 變化_vn 中_f ，_x 學到_v5 知識_事,喜歡學習與認真觀察的人可以從哪裡學到知識?,
B7 L2,清明節_nz 早上_時間,什麼節日早上?,
B7 L2,天上_地方 飄著_v1 小雨_物1,天上飄著什麼?,
B7 L2,我們_人1 一家人_人2 和_c 姑姑_人3 、_x 小叔叔_人4 的_uj 家人_人5 ，_x 一起_m 去_v2 掃墓_v3,一家人一起去哪裡?,
B7 L2,到_v 了_ul 墓園_地方,到了哪裡?,
B7 L2,媽媽_人1 和_c 姑姑_人2 趕忙_v2 拿出_v3 鮮花_物1 、_x 水果_物2 等_u 祭品_物3,媽媽和姑姑拿出什麼祭品?,
B7 L2,媽媽_人1 和_c 姑姑_人2 趕忙_v2 拿出_v3 鮮花_物1 、_x 水果_物2 等_u 祭品_物3,誰拿出來鮮花和水果?,
B7 L2,爸爸_人1 和_c 小叔叔_人2 拿著_v1 剪刀_物2 修剪_v2 花木_物2 ,爸爸和叔叔拿著什麼修剪花木?,
B7 L2,爸爸_人1 和_c 小叔叔_人2 拿著_v1 剪刀_物2 修剪_v2 花木_物2 ,拿著剪刀要做什麼?,
B7 L2,爸爸_人1 和_c 小叔叔_人2 拿著_v1 剪刀_物2 修剪_v2 花木_物2 ,誰修剪花木?,
B7 L2,我_人3 和_c 表姐_人4 跟_p 在_p 一旁_s 撿_v3 樹枝_物3 、_x 掃_v4 落葉_物4 ,我和表姊在一旁做什麼?,
B7 L2,我_人3 和_c 表姐_人4 跟_p 在_p 一旁_s 撿_v3 樹枝_物3 、_x 掃_v4 落葉_物4 ,誰撿樹枝、掃落葉?,
B7 L2,只有_c 小堂弟_人1 最_d 頑皮_a,誰最頑皮?,
B7 L2,一邊_d 拔草_v1 ，_x 一邊_d 玩_v2 泥土_物1,一邊拔草一邊玩什麼?,
B7 L2,最後_d 抹_v3 了_ul 一_m 臉_n 的_uj 泥_物2,抹了一臉的什麼?,
B7 L2,讓_v4 嬸嬸_人2 看_v5 了_ul 又_d 好_a 笑_v ，_x 又_d 好_a 氣_v,嬸嬸看了如何?,
B7 L2,我們_人1 把_p 墓園_地方 打掃_v1 乾淨_a,我們把哪裡打掃乾淨?,
B7 L2,爸爸_人2 舉起_v3 香_物2,誰舉起香?,
B7 L2,接著_v1 大家_人1 依_v2 長幼順序_n ，_x 很_zg 恭敬_a 的_uj 在_p 爺爺_人2 、_x 奶奶_人3 的_uj 墓前_地方 鞠躬_v3,依什麼在墓前鞠躬?,
B7 L2,我_人1 和_c 表姐_人2 、_x 堂弟_人3 坐在_v1 墓前_地方,誰坐在墓前?,
B7 L2,聽_v2 大人_人4 談著_v3 爺爺_人5 、_x 奶奶_人6 生前_t 的_uj 故事_物1,談著誰生前的故事?,
B7 L2,好像_v4 和_c 爺爺_人7 、_x 奶奶_人8 親近_v5 了_ul 許多_m,爺爺奶奶好像什麼許多?,
B7 L2,抬眼一望_v3 ，_x 遠_a 山_n 青翠_a 的_uj 綠色_n ，_x 被_p 春雨_n 洗_v4 得_ud 更_d 鮮明_a,山被什麼洗得更鮮明?,
B7 L2,我們_人1 這_r 個_zg 大家族_nz ，_x 就_d 這樣_r 團聚_v1 在_p 綠色的_a 春天_時 裡_f 了_ul,大家族團聚在哪裡?,
B7 L3,遇到_v1 困難_an ，_x 我_人1 垂頭喪氣_i,遇到困難時我如何?,
B7 L3,告訴_v4 我_人4 ，_x 你_人5 有_v5 什麼_r 困難_an ，_x 讓_v6 我_人6 來_v7 幫助_v8 你_人7  ,告訴我你有什麼讓我來幫助你?,
B7 L3,我_人1 一_r 聽到_v1 這_r 句_q 話_n ，_x 就_d 勇氣_n 百倍_m ，_x 不再_d 害怕_v2 失敗_v3,聽到這句話如何?,
B7 L3,不管_c 困難_an 有_v1 多_m 大_a ，_x 我_r 都_d 必須_d 勇往直前_i ,不管困難有多大都必須?,
B7 L3,每_zg 一次_m ，_x 朋友_人1 有_事 了_ul 困難_an ，_x 我_人2 一定_d 陪伴_v1 在_p 他_人3 身旁_s ,朋友有困難我一定如何?,
B7 L3,拍拍_v2 他_人4 的_uj 肩膀_物 說_zg ：_x 告訴_v3 我_人5 ，_x 你_人6 有_v4 什麼_r 困難_an ？,拍拍他的哪裡?,
B7 L3,讓_v1 他_人1 信心_n 滿滿_v2，_x 度過_v3 每_r 一個_m 難關_n,信心滿滿度過每一個什麼?,
B7 L3,有_v1 困難_an ，_x 請_v2 告訴_v3 我_人1 ,有困難要告訴誰?,
B7 L3,"這_r 句_q 話_n ，_x 使_v 我_人2 認識_v 互助_v 的_uj 力量_物，_x 這_r 句_q 話_n ，_x 
使_v1 我_人1 認識_v2 互助_v3 的_uj 力量_物1 ，_x 朋友_人2 的_uj 可貴_a",這句話使我認識什麼的力量?,
B7 L4,很久以前_時間 ，_x 我們_人1 的_uj 世界_地方 是_v1 天_地方 地_地方 連_v1 在_p 一起_m 的_uj,很久以前我們的世界是什麼樣的?,
B7 L4,當時_時 有_v1 一個_m 巨人_人1 名叫_v2 盤古_人2,巨人名叫什麼?,
B7 L4,在_p 這個_r 天地_地方 裡_zg ，_x 昏昏_a 沉沉的_z 睡覺_事,在這個天地裡做什麼?,
B7 L4,他_人1 受_v1 不了_v2 沒天沒地_l 的_uj 情形_n,他受不了什麼情形?,
B7 L4,就_d 拿_v3 起_v4 一_m 把_p 大斧頭_物1,拿起一把什麼?,
B7 L4,要_v5 把_p 天地_n 劈開_v6,要把天地如何?,
B7 L4,他_人1 用_v1 力_n 一_m 揮_v2 ，_x 把_p 大地_地方 劈成_v3 上下_f 兩半_m,他用力一揮天地發生什麼事?,
B7 L4,上面_f 那_r 一半_m 就_d 成_事 了_ul 天_地方,上面那一半成了什麼?,
B7 L4,下面_f 那_r 一_m 半_m 就_d 成_事 了_ul 地_地方,下面那一半成了什麼?,
B7 L4,天_地方 越升越高_a,什麼東西越升越高?,
B7 L4,地_地方 越變越厚_a,什麼東西越變越厚?,
B7 L4,盤古_人1 站_v1 在_p 天地_地方 的_uj 中間_n,盤古站在哪裡?,
B7 L4,他_人2 想_v3 以後_d 就_d 有_v4 好日子_l 過_ug 了_ul,他想以後有什麼日子過了?,
B7 L4,不久_a ，_x 上面_f 的_uj 天_地方 又_d 往_v1 下沉_v2,哪裡又往下沉?,
B7 L4,下面_f 的_uj 地_地方 又_d 往_v3 上升_v4,哪裡又往上升?,
B7 L4,天_地方 和_c 地_地方 好像_v5 又_d 要_v6 合_v7 在_p 一起_m 了_ul,天和地好像又要?,
B7 L4,盤古_人1 一_m 看_v1 情形_n 不_d 對_a ，_x 就_d 趕緊_d 站_v2 穩_a 兩條_m 腿_n,盤古一看情形不對就趕緊做什麼事?,
B7 L4,高_a 舉_v3 兩_m 臂_物 用_v4 力_n 托住_v5 天_地方,如何托住天?,
B7 L4,他_r 就_d 這樣_r 頂天立地_a 站_v6 了_ul 幾萬年_m,他就這樣頂天立地站了多久?,
B7 L4,天地_n 終於_d 穩定_a 了_ul,什麼終於穩定了?,
B7 L4,盤古_人1 死_事 了_ul 以後_d ，_x 他_人2 的_uj 眼睛_物1 變_v1 成_事 了_ul 太陽_物2 和_c 月亮_物3,盤古死了以後，他的眼睛變成?,
B7 L4,他_人3 的_uj 身體_物4 變成_v2 山脈_物4,他的身體變成?,
B7 L4,身上_s 的_uj 血_物5 變成_v3 了_ul 河流_物6,身上的血變成?,
B7 L4,他_人3 的_uj 毛髮_物7 變_v4 成_事 了_ul 樹木_物8,他的毛髮變成?,
B7 L4,骨頭_物9 變成_v5 石頭_物10,骨頭變成?,
B7 L4,盤古_人1 為_p 我們_人2 準備_v1 好_a 了_ul 一個_m 生活_n 的_uj 樂園_地方,盤古為我們準備好了一個什麼地方?,
B7 L5,老虎_人1 是_v1 森林_地方 裡_f 最_d 凶猛_a 的_uj 動物_物1,誰是森林裡最兇猛的動物?,
B7 L5,他_人2 一向_d 是_v2 拿_v3 其他_r 的_uj 動物_物2 當_v4 餐點_n 的_uj,他一向是拿什麼當餐點?,
B7 L5,有_v1 一回_m ，_x 他_人1 肚子_n 餓_事 了_ul ，_x 跑_v1 到_v2 森林_地方 裡_f 找_v3 食物_物1,為什麼他跑到森林找食物?,
B7 L5,有_v1 一回_m ，_x 他_人1 肚子_n 餓_事 了_ul ，_x 跑_v1 到_v2 森林_地方 裡_f 找_v3 食物_物1,他到哪裡找食物?,
B7 L5,很快_d 的_uj 就_d 捉到_事 了_ul 一_m 隻_y 狐狸_人2,很快的捉到了誰?,
B7 L5,正當_a 老虎_人1 張開_nr 嘴巴_n 想_v 一口_m 吞掉_v 狐狸_人2 時_zg,正當老虎張開嘴巴想一口吞掉誰?,
B7 L5,狐狸_人1 大_a 喝_vg 一聲_m ：_x 「_x 好_a 大_a 的_uj 膽子_物1 ！_x 你_人2 敢_v1 吃_v2 我_人3 ？,誰大喝一聲?,
B7 L5,老虎_人1 聽到_v1 狐狸_人2 的_uj 聲音_物1 嚇_v2 了_ul 一_m 跳_v3 ,老虎聽到誰的聲音嚇了一跳?,
B7 L5,狐狸_人1 說_zg ：_x 「_x 天帝_人2 派_v1 我_人3 來_v2 當_v3 森林之王_人4,誰派狐狸當森林之王?,
B7 L5,狐狸_人1 說_zg ：_x 「_x 天帝_人2 派_v1 我_人3 來_v2 當_v3 森林之王_人4,天帝派誰當森林之王?,
B7 L5,你_人5 吃_事 了_ul 我_人6 ，_x 就是_d 不_d 聽_v4 天帝_人7 的_uj 話_物1,吃了我就是不聽誰的話?,
B7 L5,老虎_人1 聽_v1 了_ul 更加_d 不敢_d 動手_事 了_ul,老虎聽了不敢如何?,
B7 L5,這樣_r 吧_y ，_x 我們_人8 到_v8 森林_地方 裡_zg 走走_v9,我們到哪裡走走?,
B7 L5,我_人9 走_v10 在_p 前面_f ，_x 你_人10 跟_v11 在_p 我_人12 後面_f,誰走在前面?,
B7 L5,我_人9 走_v10 在_p 前面_f ，_x 你_人10 跟_v11 在_p 我_人12 後面_f,誰走在後面?,
B7 L5,你_人13 仔_ad 細_a 看_v12 ，_x 森林_地方 裡_f 的_uj 動物_物1 ，_x 哪_r 一個_m 見_v13 了_ul 我_人14 ，_x 膽敢_a 不_d 逃命_事 的_uj ？,森林裡的動物見了誰膽敢不逃命的?,
B7 L5,老虎_人1 心想_v1 狐狸_人2 說_v2 的_uj 也許_d 有_v3 道理_n,老虎心想狐狸說的也許有?,
B7 L5,於是_c 老虎_人4 跟_v6 在_p 狐狸_人5 的_uj 後面_f 走_v7,誰跟在狐狸的後面走?,
B7 L5,果然_c ，_x 森林_地方 裡_f 的_uj 動物_物1 一_m 看到_v8 他們_人6 走_v9 過來_v10 ，_x 都_d 嚇_v11 得_ud 夾著_v12 尾巴_物1 趕快_d 逃_v13 走_v14 ,森林裡的動物一看到他們做了什麼事?,
B7 L5,老虎_人1 以為_c 動物_物1 真的_d 是_v1 怕_v2 狐狸_人2 ,老虎以為動物是怕誰?,
B7 L6,山羊_人1 很_d 想_v1 當_v1 科學家_人2,山羊很想當什麼?,
B7 L6,山羊_人1 很_d 想_v1 當_v1 科學家_人2,誰很想當科學家?,
B7 L6,有_v1 一天_m 他_人1 離開_v2 高山_地方,他離開哪裡?,
B7 L6,走到_v3 了_ul 大海_地方 邊_f,走到了哪裡?,
B7 L6,看到_v1 又_d 藍_a 又_d 大_a 的_uj 海洋_地方 ，_x 真是_d 興奮_a,看到海洋真是?,
B7 L6,他_人1 對著_v1 海_地方 說_v2 ：_x 「_x 這_r 是_v 我_人2 看_v3 過_ug 最大_a 最美_a 的_uj 海_地方,這是他看過最如何的海?,
B7 L6,我_人3 要_v4 研究_vn 海洋_地方 的_uj 世界_地方,我要研究哪裡的世界?,
B7 L6,於是_c 山羊_人1 每天_r 坐_v1 在_p 沙灘_地方 上_f,山羊每天坐在哪裡?,
B7 L6,望著_v2 大海_地方,望著哪裡?,
B7 L6,還_d 把_v3 看到_v4 的_uj 大海_地方 詳細_ad 的_uj 寫_v5 下來_v6,把看到的什麼詳細的寫下來?,
B7 L6,他_人2 寫_v7 海_物1 的_uj 顏色_物2，_x 海_物3 的_uj 樣子_n ，_x 海鳥_人3 在_p 海上_地方 飛翔_nz 的_uj 情形_nz,他寫誰在飛翔的情形?,
B7 L6,而且_c 寫_v1 了_ul 大海_地方 早上_時間 、_x 下午_時間 、_x 晚上_時間 的_uj 不同_a 面貌_物1,記下什麼地方在不同時段的面貌?,
B7 L6,山羊_人1 寫_v1 了_ul 厚厚的_z 一本_m 書_物1,山羊寫了什麼?,
B7 L6,他_人2 很_d 高興_a 的_uj 對著_v2 海洋_地方 說_v3 ：_x 「_x 我_人3 是_v4 個_q 海洋_地方 專家_n 了_ul ！_x 」_x ,我是個什麼專家?,
B7 L6,正當_a 山羊_人1 興奮_v1 的_uj 時候_n ，_x 海_地方 裡_f 的_uj 大魚_人2 游_v2 上來_v3,正當山羊興奮得時候，海裡的什麼游上來?,
B7 L6,大魚_人3 對_p 山羊_人4 說_v4 ：_x 「_x 我_人5 知道_v5 你_人6 寫_事 了_ul 很多_m 海_地方 的_uj 現象_事,山羊寫了很多什麼地方的現象?,
B7 L6,但是_c 你_人7 只是_c 看到_v6 海_地方 的_uj 外表_物1 ，_x 這樣_r 不能_v7 成為_v8 海洋_地方 專家_n 的_uj,只是看到海洋的什麼?,
B7 L6,你_人1 還要_c 進入_v1 海_地方 裡_f,還要進入哪裡?,
B7 L6,去_v2 了解_v3 海裡_地方 物_ng 的_uj 活動_事1,去海裡了解什麼的活動?,
B7 L6,這樣_r ，_x 你_人2 的_uj 研究_事2 才_d 會_v4 有用_v5,這樣你的研究才會如何?,
B7 L6,山羊_人1 聽_事 了_ul 覺得_v1 很_d 有_v2 道理_n,山羊聽了覺得如何?,
B7 L6,決定_v3 請_v4 大魚_人2 和_c 他_人3 一起_m 合作_vn ,請誰和他一起合作?,
B7 L6,後來_c 山羊_人1 和_c 大魚_人2 一起_m 討論_v1,山羊和誰一起討論?,
B7 L6,還_d 把_v2 大魚_人3 告訴_v3 他_人4 的_uj 事情_事 都_d 寫進_v4 書_物 裡_f,把誰告訴他的事情都寫進書裡?,
B7 L6, 山羊_人5 就_d 寫成_事 了_ul 一本_m 很_a 有用_v5 的_uj 「_x 海洋_ns 研究_物 」_x 了_ul,山羊寫成了一本什麼書?,
,"一個_m 住_v 在_p 深山_地方 裡_f 的_uj 
隱士_人1 ，_x 看見_v 一_m 隻_y 老鼠_人2 很快_d 的_uj 從_p 他_人3 
面前_f 跑_v 過_ug",誰看見一隻老鼠很快的從他面前跑過?,o
,"一個_m 住_v 在_p 深山_地方 裡_f 的_uj 
隱士_人1 ，_x 看見_v 一_m 隻_y 老鼠_人2 很快_d 的_uj 從_p 他_人3 
面前_f 跑_v 過_ug",一個住在深山地方裡的隱士，看見誰很快的從他面前跑過?,o
,"看見_v 一_m 隻_y 老鼠_人2 很快_d 的_uj 從_p 他_人3 
面前_f 跑_v 過_ug",誰很快的從他面前跑過?,o
,"原來_d 有一_nr 隻_zg 大老鷹_人4 從_p 
空中_s 撲_v 下來_v ，_x 要_v 去_v 捉_v 那_r 隻_y 老鼠_人5",誰從空中撲下來要去捉那隻老鼠?,o
,隱士_人6 看_v 了_ul 就_d 把_p 老鼠_人7 帶回_v 自己_r 茅屋裡_地方,隱士看了就老鼠帶回自己的哪裡?,o
,"這時_r 屋裡_s 跑_v 來_v 了一_nr 隻_zg 貓_人1 ，_x 鬍子_物
翹_nr 起來_v ，_x 尾巴_物 舉得_v 高高的_nrfg",這時屋裡跑來了誰，鬍子翹起來，尾巴舉得高高的?,o
,"這時_r 屋裡_s 跑_v 來_v 了一_nr 隻_zg 貓_人1 ，_x 鬍子_物
翹_nr 起來_v ，_x 尾巴_物 舉得_v 高高的_nrfg",這時屋裡跑來了一隻貓，什麼翹起來，尾巴舉得高高的?,o
,"鬍子_物
翹_nr 起來_v",什麼翹起來?,o
,"老鼠_人2 
看到_v 貓_人3 ，_x 驚_v 嚇_v 得_ud 躲_v 了_ul 起來_v 。",誰看到貓，驚嚇得躲了起來?,o
,"隱士_人1 
看_v 老鼠_人2 可憐_v ，_x 就_d 把_p 老鼠_人3 變成_v 了_ul 
大貓_人4 。",誰看老鼠可憐，就把老鼠變成了大貓?,o
,"隱士_人1 
看_v 老鼠_人2 可憐_v ，_x 就_d 把_p 老鼠_人3 變成_v 了_ul 
大貓_人4 。",隱士看誰可憐，就把老鼠變成了大貓?,o
,"隱士_人1 
看_v 老鼠_人2 可憐_v ，_x 就_d 把_p 老鼠_人3 變成_v 了_ul 
大貓_人4 。",隱士看老鼠可憐，就把老鼠變成了誰?,o
,"隱士_人1 
看_v 老鼠_人2 可憐_v ，_x 就_d 把_p 老鼠_人3 變成_v 了_ul 
大貓_人4 。",隱士看老鼠可憐，就把誰變成了大貓?,o
,"大貓_人2 看到_v 黃狗_人3 ，_x 嚇_v 得_ud 全身_n 發_zg 
抖_zg 。",誰看到黃狗，嚇得全身發抖?,o
,"大貓_人2 看到_v 黃狗_人3 ，_x 嚇_v 得_ud 全身_n 發_zg 
抖_zg 。",大貓看到誰，嚇得全身發抖?,o
,"隱士_人4 很_d 不忍心_l ，_x 又_d 把_p 大貓_人5 變_vn 
成_v 黃狗_人6 。",誰很不忍心，又把大貓變成黃狗?,o
,"隱士_人4 很_d 不忍心_l ，_x 又_d 把_p 大貓_人5 變_vn 
成_v 黃狗_人6 。",隱士很不忍心，又把誰變成黃狗?,o
,"隱士_人4 很_d 不忍心_l ，_x 又_d 把_p 大貓_人5 變_vn 
成_v 黃狗_人6 。",隱士很不忍心，又把大貓變成誰?,o
,"大黃狗_人3 看到_v 老虎_人4 ，_x 嚇_v 得_ud 一動_d 也_d 不_d 
敢動_n 。",誰看到老虎，嚇得一動也不敢動?,o
,"大黃狗_人3 看到_v 老虎_人4 ，_x 嚇_v 得_ud 一動_d 也_d 不_d 
敢動_n 。",大黃狗看到誰，嚇得一動也不敢動?,o
,"隱士_人5 看見_v 了_ul ，_x 又_d 趕忙_d 把_p 大黃狗_人6 
變成_v 老虎_人7",誰看見了，又趕忙把大黃狗變成老虎?,o
,"隱士_人5 看見_v 了_ul ，_x 又_d 趕忙_d 把_p 大黃狗_人6 
變成_v 老虎_人7",隱士看見了，又趕忙把誰變成老虎?,o
,"隱士_人5 看見_v 了_ul ，_x 又_d 趕忙_d 把_p 大黃狗_人6 
變成_v 老虎_人7",隱士看見了，又趕忙把大黃狗變成誰?,o
,"大老虎_人4 狠狠_d 的_uj 瞪_v 了_ul 隱士_人5 ，_x 好_a 
像_v 要_v 把_p 隱士_人6 一口_m 吞下去_v 的_uj 樣子_n 。",誰狠狠的瞪了隱士，好像要把隱士一口吞下去的樣子?,o
,"大老虎_人4 狠狠_d 的_uj 瞪_v 了_ul 隱士_人5 ，_x 好_a 
像_v 要_v 把_p 隱士_人6 一口_m 吞下去_v 的_uj 樣子_n 。",大老虎狠狠的瞪了誰，好像要把隱士一口吞下去的樣子?,o
,"大老虎_人4 狠狠_d 的_uj 瞪_v 了_ul 隱士_人5 ，_x 好_a 
像_v 要_v 把_p 隱士_人6 一口_m 吞下去_v 的_uj 樣子_n 。",大老虎狠狠的瞪了隱士，好像要把誰一口吞下去的樣子?,o
,"隱士_人1 長長_n 的_uj 嘆_v 了_ul 一口_m 氣_zg ，_x 伸_v 
出_v 手指頭_n 向_n 老虎_人2 一_m 指_n ，_x 又_d 把_p 大老虎_人3 
變成_v 了_ul 原來的那_nr 隻_zg 小老鼠_人4 。",誰長長的嘆了一口氣，伸出手指頭向老虎一隻，又把大老虎變了原來那隻小老鼠?,o
,"隱士_人1 長長_n 的_uj 嘆_v 了_ul 一口_m 氣_zg ，_x 伸_v 
出_v 手指頭_n 向_n 老虎_人2 一_m 指_n ，_x 又_d 把_p 大老虎_人3 
變成_v 了_ul 原來的那_nr 隻_zg 小老鼠_人4 。",隱士長長的嘆了一口氣，伸出手指頭向誰一隻，又把大老虎變了原來那隻小老鼠?,o
,"隱士_人1 長長_n 的_uj 嘆_v 了_ul 一口_m 氣_zg ，_x 伸_v 
出_v 手指頭_n 向_n 老虎_人2 一_m 指_n ，_x 又_d 把_p 大老虎_人3 
變成_v 了_ul 原來的那_nr 隻_zg 小老鼠_人4 。",隱士長長的嘆了一口氣，伸出手指頭向老虎一隻，又把誰變了原來那隻小老鼠?,o
,"隱士_人1 長長_n 的_uj 嘆_v 了_ul 一口_m 氣_zg ，_x 伸_v 
出_v 手指頭_n 向_n 老虎_人2 一_m 指_n ，_x 又_d 把_p 大老虎_人3 
變成_v 了_ul 原來的那_nr 隻_zg 小老鼠_人4 。",隱士長長的嘆了一口氣，伸出手指頭向老虎一隻，又把大老虎變了誰?,o
,"十一月_時間 十六日_時間 那天_r 晚上_時間 ，_x 月亮_物
特別_d 圓_a ，_x 也_d 特別_d 亮_v",十一月十六日的何時，月亮特別圓，也特別亮?,o
,"十一月_時間 十六日_時間 那天_r 晚上_時間 ，_x 月亮_物
特別_d 圓_a ，_x 也_d 特別_d 亮_v",十一月十六日那天晚上，什麼特別圓，也特別亮?,o
,"我_人1 跟_p 家人_人2
提著_v 媽媽_人3 精心_n 製作_v 的_uj 水燈_物 ，_x 到_v 河邊_地方
去_v 放_v 水燈_物 。",誰跟家人提著媽媽精心製作的水燈，到河邊去放水燈?,o
,"我_人1 跟_p 家人_人2
提著_v 媽媽_人3 精心_n 製作_v 的_uj 水燈_物 ，_x 到_v 河邊_地方
去_v 放_v 水燈_物 。",我跟家人提著誰精心製作的水燈，到河邊去放水燈?,o
,"我_人1 跟_p 家人_人2
提著_v 媽媽_人3 精心_n 製作_v 的_uj 水燈_物 ，_x 到_v 河邊_地方
去_v 放_v 水燈_物 。",我跟家人提著媽媽精心製作的水燈，到哪裡去放水燈?,o
,"我_人1 跟_p 家人_人2
提著_v 媽媽_人3 精心_n 製作_v 的_uj 水燈_物 ，_x 到_v 河邊_地方
去_v 放_v 水燈_物 。",我跟家人提著媽媽精心製作的水燈，到河邊去放什麼?,o
,"我_人1 跟_p 家人_人2
提著_v 媽媽_人3 精心_n 製作_v 的_uj 水燈_物 ，_x 到_v 河邊_地方
去_v 放_v 水燈_物 。",我跟家人提著媽媽精心製作的什麼，到河邊去放水燈?,o
,"再_d 把_p 長長_n 的_uj 樹葉_物 ，_x 摺_zg 
成蓮花_物 的_uj 花瓣_物",再把長長的什麼，摺成蓮花的花瓣?,o
,"媽媽_人1 把_p 蠟燭_n 點燃_v 
之_u 後_nr ，_x 就_d 把_p 水燈_物 慢慢_d 的_uj 放進_v 河裡_地方
。",誰把蠟燭點燃之後，就把水燈慢慢的放進河裡?,o
,"媽媽_人1 把_p 蠟燭_n 點燃_v 
之_u 後_nr ，_x 就_d 把_p 水燈_物 慢慢_d 的_uj 放進_v 河裡_地方
。",媽媽把什麼點燃之後，就把水燈慢慢的放進河裡?,o
,"媽媽_人1 把_p 蠟燭_n 點燃_v 
之_u 後_nr ，_x 就_d 把_p 水燈_物 慢慢_d 的_uj 放進_v 河裡_地方
。",媽媽把蠟燭點燃之後，就把什麼慢慢的放進河裡?,o
,"媽媽_人1 把_p 蠟燭_n 點燃_v 
之_u 後_nr ，_x 就_d 把_p 水燈_物 慢慢_d 的_uj 放進_v 河裡_地方
。",媽媽把蠟燭點燃之後，就把水燈慢慢的放進哪裡?,o
,"媽媽_人1 告訴_v 我們_人2 ，_x 原本_n 放_v 水燈_物 
是_v 要_v 祭拜_v 河神_人3 的_uj",誰告訴我們，原本放水燈是要祭拜河神的?,o
,"媽媽_人1 告訴_v 我們_人2 ，_x 原本_n 放_v 水燈_物 
是_v 要_v 祭拜_v 河神_人3 的_uj",媽媽告訴我們，原本放什麼是要祭拜河神的?,o
,"媽媽_人1 告訴_v 我們_人2 ，_x 原本_n 放_v 水燈_物 
是_v 要_v 祭拜_v 河神_人3 的_uj",媽媽告訴我們，原本放水燈是要祭拜誰的?,o
,"現在_t 
放水燈_物 的_uj 人_人1 ，_x 除了_p 請_zg 河神_人2 帶走_v 災難_物
，_x 也_d 把_p 自己_r 的_uj 心願_物 告訴_v 河神_人3 ，_x 
請求_v 神明_人4 的_uj 保佑_v",現在放水燈的人，除了請誰帶走災難，也把自己的心願告訴誰，請求神明的保佑,o
,"大家_人2 站_v 在_p 河邊_地方 ，_x 輕輕的_z 把_p 水燈_物
放入_v 河裡_地方",大家站在哪裡，輕輕的把水燈放入河裡?,o
,"大家_人2 站_v 在_p 河邊_地方 ，_x 輕輕的_z 把_p 水燈_物
放入_v 河裡_地方",大家站在河邊，輕輕的把水燈放入哪裡?,o
,"大家_人2 站_v 在_p 河邊_地方 ，_x 輕輕的_z 把_p 水燈_物
放入_v 河裡_地方",大家站在河邊，輕輕的把什麼放入河裡?,o
,"雙手_n 合十_v 向_p 神明_人3 許願_v ，
_x 請求_v 神明_人4 的_uj 保佑_事",雙手合十向神明許願，請求神明的什麼?,o
,"雙手_n 合十_v 向_p 神明_人3 許願_v ，
_x 請求_v 神明_人4 的_uj 保佑_事",雙手合十向誰許願，請求誰的保佑?,o
,"大家_人1 看著_v 
水燈_物 在_p 河面上_n 漂_v 啊_y 漂_v 的_uj ，_x 漸漸_d 離_v 
我們_人2 遠_a 去_v",大家看著什麼在河面上飄阿飄的，漸漸離我們遠去?,o
,"我們_人1 知道_v ，_x 過_zg 
去_v 的_uj 災難_物 都_d 隨著_v 水燈_物 消失_n 了_ul ，_x 美好_a 
的_uj 未來_時間 正在_t 等著_v 我們_人2 。",我們知道，過去的什麼都隨著水燈消失了，美好的未來正在等著我們?,o
,"我們_人1 知道_v ，_x 過_zg 
去_v 的_uj 災難_物 都_d 隨著_v 水燈_物 消失_n 了_ul ，_x 美好_a 
的_uj 未來_時間 正在_t 等著_v 我們_人2 。",我們知道，過去的災難都隨著什麼消失了，美好的未來正在等著我們?,o
,"神祕_a 的_uj 大海_地方 底下_地方 ，_x 
有_v 一個_m 彩色_n 的_uj 世界_地方 。",神秘的哪裡，有一個彩色的世界?,o
,"綠色_n 海藻_物 的_uj 旁邊_f ，_x 
有_v 紫色_n 的_uj 海草_物 。",綠色海藻的旁邊，有紫色的海草?,o
,"紅色_n 珊瑚_物 的_uj 附近_f ，_x 
有_v 張開_v 的_uj 海葵_物 。",紅色珊瑚的附近，有張開的什麼?,o
,"像_v 遊客_n 來來_v 往往_t ，_x 
是_v 一群群_l 的_uj 彩魚_物 。",像遊客來來往往，是一群群的什麼?,o
,"燈籠魚_人 日夜不分_l ，_x 
出門_v 都_d 帶著_v 燈籠_物 。",誰日夜不分，出門都帶著燈籠?,o
,"燈籠魚_人 日夜不分_l ，_x 
出門_v 都_d 帶著_v 燈籠_物 。",燈籠魚日夜不分，出門都帶著什麼?,o
,"獅子魚_n 不_d 像_v 獅子_物 ，_x 
卻像一_nr 隻_zg 花蝴蝶_物 。",誰不像獅子，卻像一隻花蝴蝶?,o
,"獅子魚_n 不_d 像_v 獅子_物 ，_x 
卻像一_nr 隻_zg 花蝴蝶_物 。",獅子魚不像什麼，卻像一隻花蝴蝶?,o
,"獅子魚_n 不_d 像_v 獅子_物 ，_x 
卻像一_nr 隻_zg 花蝴蝶_物 。",獅子魚不像獅子，卻像一隻什麼?,o
,"孔子_人1 說_zg ：_x 「_x 能_v 養活_vn 父母_人2 是_v 孝_事 
的_uj 行為_事 。 」",誰說:「 能養活父母是孝的行為。」?,o
,"孔子_人1 說_zg ：_x 「_x 能_v 養活_vn 父母_人2 是_v 孝_事 
的_uj 行為_事 。 」",孔子說:「 能養活誰是孝的行為。」?,o
,"所以_c 孝順_事 父母_人1 ，_x 不_d 只_d 
是_v 給_p 父母_人2 溫飽_事 ，_x 還_d 要_v 有_v 好_a 的_uj 態度_物 
才_d 是_v 孝_ng 。",所以孝順誰，不只是給誰溫飽，還要有好的態度才是孝?,o
,"所以_c 孝順_事 父母_人1 ，_x 不_d 只_d 
是_v 給_p 父母_人2 溫飽_事 ，_x 還_d 要_v 有_v 好_a 的_uj 態度_物 
才_d 是_v 孝_ng 。",所以孝順父母，不只是給父母溫飽，還要有好的什麼才是孝?,o
,"我們_人1 不_d 只是_c 幫_v 父母親_人2 
做事_v ，_x 給_zg 父母_人3 喝酒_v ，_x 吃_v 肉_物",我們不只是幫誰做事，給誰喝酒，吃肉?,o
,"我們_人1 不_d 只是_c 幫_v 父母親_人2 
做事_v ，_x 給_zg 父母_人3 喝酒_v ，_x 吃_v 肉_物",我們不只是幫父母做事，給父母喝酒，吃什麼?,o
,"如果_c 不_d 給_p 好_a 臉色_物 ，_x 就_d 不算_v 是_v 孝順_事 
了_ul 。",如果不給好的什麼，就不算是孝順了?,o
,"如果_c 不_d 給_p 好_a 臉色_物 ，_x 就_d 不算_v 是_v 孝順_事 
了_ul 。",如果不給好的臉色，就不算是什麼了?,o
,"做_v 子女_人6 的_uj 只要_c 愛護_v 自己_r 身體_n 
，_x 不_d 讓_v 父母_人7 擔心_v ，_x 這_zg 就是_d 孝順_事
的_uj 人_人8 了_u",做子女的只要愛護自己身體，不讓誰擔心，這就是孝順的人了?,o
,"做_v 子女_人6 的_uj 只要_c 愛護_v 自己_r 身體_n 
，_x 不_d 讓_v 父母_人7 擔心_v ，_x 這_zg 就是_d 孝順_事
的_uj 人_人8 了_u",做子女的只要愛護自己身體，不讓父母擔心，這就是什麼樣的人了?,o
,"他們_人3 只要_c 把_p 橡皮筋_n 
轉緊_v ，_x 手_n 一_m 放_v ，_x 竹飛機_物 就_d 飛_v 
上_f 了_ul 天_地方 。",他們只要把橡皮筋轉緊，手一放，什麼就飛上了天?,o
,"他們_人3 只要_c 把_p 橡皮筋_n 
轉緊_v ，_x 手_n 一_m 放_v ，_x 竹飛機_物 就_d 飛_v 
上_f 了_ul 天_地方 。",他們只要把橡皮筋轉緊，手一放，竹飛機就飛上了哪裡?,o
,"但是_c 不論_c 遇到_v 什麼_r 困難_事 ，_x 
他們_人5 總是_d 想_v 辦法_n 去_v 解決_v 它_r 。",但是不論遇到什麼事情，他們總是想辦法去解決它?,o
,"他們_人1 駕著_v 自己_人2 所造_b 
的_uj 飛機_物 ，_x 終於_nr 平穩_a 的_uj 飛起_v 來_v 了_ul",他們駕著自己所造的什麼，終於平穩的飛起來了?,o
,"人們_人1 不但_c 飛上_v 了_ul 
藍天_nr ，_x 更_d 飛進_v 了_ul 太空_地方 。",人們不但飛上了藍天，更飛進了哪裡?,o
,"萊特兄弟_人1
的_uj 努力_ad ，_x 為_p 我們_人2 創造_v 了_ul 一個_m 奇妙_a 
的_uj 飛行_n 世界_地方 。",誰的努力，為我們創造了一個奇妙的飛行世界地方?,o
,"從前_t 有_v 一個_m 人_人 ，_x 種_v 了_ul 許多_m 漆樹_物
 。",從前有一個人，種了許多什麼?,o
,"他_人 每年_r 割_v 樹皮_物 取_v 樹汁_物 ，_x 把_p 樹汁_物
裝_n 在_p 木桶_物 裡_zg ，_x 運到_v 大城市_地方 去_v 
賣_x 。",他每年割什麼取樹汁，把樹汁裝在木桶裡，運到大城市去賣?,o
,"他_人 每年_r 割_v 樹皮_物 取_v 樹汁_物 ，_x 把_p 樹汁_物
裝_n 在_p 木桶_物 裡_zg ，_x 運到_v 大城市_地方 去_v 
賣_x 。",他每年割樹皮取什麼，把什麼裝在木桶裡，運到大城市去賣?,o
,"他_人 每年_r 割_v 樹皮_物 取_v 樹汁_物 ，_x 把_p 樹汁_物
裝_n 在_p 木桶_物 裡_zg ，_x 運到_v 大城市_地方 去_v 
賣_x 。",他每年割樹皮取樹汁，把樹汁裝在什麼裡，運到大城市去賣?,o
,"他_人 每年_r 割_v 樹皮_物 取_v 樹汁_物 ，_x 把_p 樹汁_物
裝_n 在_p 木桶_物 裡_zg ，_x 運到_v 大城市_地方 去_v 
賣_x 。",他每年割樹皮取樹汁，把樹汁裝在木桶裡，運到哪裡去賣?,o
,"大城市_地方 裡_f 的_uj 商人_人1 
都_d 知道_v 他_人2 賣_v 的_uj 漆_物 最純_a 了_ul ，_x 所以_c 
都_d 樂_a 意向_n 他_人3 買_v 。",哪裡的商人都知道他賣的漆最純了，所以都樂意向他買?,o
,"大城市_地方 裡_f 的_uj 商人_人1 
都_d 知道_v 他_人2 賣_v 的_uj 漆_物 最純_a 了_ul ，_x 所以_c 
都_d 樂_a 意向_n 他_人3 買_v 。",大城市的商人都知道他賣的什麼最純了，所以都樂意向他買?,o
,"只要_c 把_p 漆樹_物 
的_uj 葉子_物 煮成_v 膏_物 ，_x 加_v 到_v 生漆_物 裡_zg ，_x 
就_d 可以_c 讓_x 漆汁_物 變_v 得_ud 更_d 多_m",只要把什麼的葉子煮成膏加到生漆裡，就可以讓漆汁變得更多?,o
,"只要_c 把_p 漆樹_物 
的_uj 葉子_物 煮成_v 膏_物 ，_x 加_v 到_v 生漆_物 裡_zg ，_x 
就_d 可以_c 讓_x 漆汁_物 變_v 得_ud 更_d 多_m",只要把漆樹的什麼煮成膏加到生漆裡，就可以讓漆汁變得更多?,o
,"只要_c 把_p 漆樹_物 
的_uj 葉子_物 煮成_v 膏_物 ，_x 加_v 到_v 生漆_物 裡_zg ，_x 
就_d 可以_c 讓_x 漆汁_物 變_v 得_ud 更_d 多_m",只要把漆樹的葉子煮成膏加到什麼裡，就可以讓漆汁變得更多?,o
,"只要_c 把_p 漆樹_物 
的_uj 葉子_物 煮成_v 膏_物 ，_x 加_v 到_v 生漆_物 裡_zg ，_x 
就_d 可以_c 讓_x 漆汁_物 變_v 得_ud 更_d 多_m",只要把漆樹的葉子煮成膏加到生漆裡，就可以讓什麼變得更多?,o
,"如果_c 我_人1 賣_v 假漆_物 ，_x 我_人2 就_d 
是_v 騙子_人3",如果我賣什麼，我就是騙子?,o
,"他_人1 的_uj 四周_m 有_v 一_m 
群_n 小小的_z 人兒_人2 ，_x 一個個_m 拿著_v 弓箭_物 
，_x 把_p 箭頭_物 對準_v 了_ul 他_人3",他的四周有一群小小的人兒，一個個拿著什麼，把箭頭對準了他?,o
,"他_人1 的_uj 四周_m 有_v 一_m 
群_n 小小的_z 人兒_人2 ，_x 一個個_m 拿著_v 弓箭_物 
，_x 把_p 箭頭_物 對準_v 了_ul 他_人3",他的四周有一群小小的人兒，一個個拿著弓箭，把什麼對準了他?,o
," 小人國_地方 的_uj 
國王_人2 認為_v 格利佛_人3 很_d 老實_a ，_x 就_d 放_v 了_ul 
他_人3",小人國地方的誰認為格利佛很老實，就放了他?,ｏ
," 小人國_地方 的_uj 
國王_人2 認為_v 格利佛_人3 很_d 老實_a ，_x 就_d 放_v 了_ul 
他_人3",小人國地方的國王認為誰很老實，就放了他?,ｏ
," 小人國_地方 的_uj 
國王_人2 認為_v 格利佛_人3 很_d 老實_a ，_x 就_d 放_v 了_ul 
他_人3",哪裡的國王認為誰很老實，就放了他?,ｏ
,"他_人1 發現_v 小人國_地方 裡_s 一切_r 都_d 
小_a ，_x 不但_c 人_人2 小_a ，_x 連牛馬_物 也_d 很小_a 。",他發現哪裡一切都很小，不但人小，連牛馬也小？,ｏ
,"他_人1 發現_v 小人國_地方 裡_s 一切_r 都_d 
小_a ，_x 不但_c 人_人2 小_a ，_x 連牛馬_物 也_d 很小_a 。",他發現小人國一切都很小，不但人小，連什麼也小？,ｏ
,"因為_c 那裡_r 最大_a 的_uj 船_物 ，_x 
也_d 裝_v 不下_v 他_人3",因為哪裡最大的什麼，也裝不下他?,o
,"格利佛_人1 等_事 了_ul 很久_m ，_x 
幸好_a 有_v 一條_m 舊_a 木船_物 漂到_v 島上_s",誰等了很久，幸好有一條舊木船漂到島上?,o
,"格利佛_人1 等_事 了_ul 很久_m ，_x 
幸好_a 有_v 一條_m 舊_a 木船_物 漂到_v 島上_s",格利佛等了很久，幸好有一條什麼漂到島上?,o
,"格利佛_人2
才_nr 告別_v 了_ul 小國王_人3 ，_x 回到_v 自己_人4
的_uj 家鄉_地方 。",誰才告別了小國王，回到自己的家鄉?,o
,"格利佛_人2
才_nr 告別_v 了_ul 小國王_人3 ，_x 回到_v 自己_人4
的_uj 家鄉_地方 。",格利佛才告別了誰，回到自己的家鄉?,o
,"格利佛_人2
才_nr 告別_v 了_ul 小國王_人3 ，_x 回到_v 自己_人4
的_uj 家鄉_地方 。",格利佛才告別了小國王，回到自己的哪裡?,o
,"我_人1 看見_v 一個_m 頭_n 上_f 綁著_v 
紅布條_物 ，_x 光著_v 上身_v 的_uj 大_n 哥哥_人2 走出_v 
來_zg",我看見一個頭上綁著什麼，光著上身的大哥哥走出來?,ｏ
,"我_人1 看見_v 一個_m 頭_n 上_f 綁著_v 
紅布條_物 ，_x 光著_v 上身_v 的_uj 大_n 哥哥_人2 走出_v 
來_zg",我看見一個頭上綁著紅布條，光著上身的誰走出來?,ｏ
,"他_人3 牽著_v 一_m 隻_y 鱷魚_人4 ，_x 好像_v 帶著_v 
一條_m 狗_物 出來_v 散步_事 一樣_r",他牽著一隻誰，好像帶著一條狗出來散步一樣?,o
,"他_人3 牽著_v 一_m 隻_y 鱷魚_人4 ，_x 好像_v 帶著_v 
一條_m 狗_物 出來_v 散步_事 一樣_r",他牽著一隻鱷魚，好像帶著一條什麼出來散步一樣?,o
L8 L1,今天_時間 老師_人 帶_v 我們_人 去_v 參觀_事 育幼院_地方,誰帶我們去參觀育幼院?,
L8 L1,今天_時間 老師_人 帶_v 我們_人 去_v 參觀_事 育幼院_地方,老師何時帶我們去參觀育幼院?,
L8 L1,今天_時間 老師_人 帶_v 我們_人 去_v 參觀_事 育幼院_地方,老師什麼時間帶我們去參觀育幼院?,
L8 L1,今天_時間 老師_人 帶_v 我們_人 去_v 參觀_事 育幼院_地方,老師帶誰去參觀育幼院,
L8 L1,"慈祥_nr 的_uj 育幼院_地方 院長_人 站_v 在_p 
大_a 門口_s 迎接_v 我們_人",誰站在大門口迎接我們,
L8 L1,"慈祥_nr 的_uj 育幼院_地方 院長_人 站_v 在_p 
大_a 門口_s 迎接_v 我們_人",育幼院院長站在大門口迎接誰,
L8 L1,"這裡_r 的_uj 小朋友_人 大_a 
部分_n 是_v 孤兒_人",這裡的誰大部分是孤兒?,
L8 L1,"這裡_r 的_uj 小朋友_人 大_a 
部分_n 是_v 孤兒_人",這裡的小朋友大部分是誰,
L8 L1,他們_人 沒有_v 父母_人,他們沒有誰?,
L8 L1,他們_人 沒有_v 父母_人,誰沒有父母?,
L8 L1,育幼院_地方 就是_d 他們_人 的_uj 家_n,哪裡就是他們的家?,
L8 L1,育幼院_地方 就是_d 他們_人 的_uj 家_n,育幼院就是誰的的家?,
L8 L1,"院長_人 希望_v 我們_r 把_p 這裡_r 的_uj 小朋友_人 
當成_v 自己_人 的_uj 弟弟_人 、_x 妹妹_人 看待_v",誰希望我們把這裡的小朋友當成自己的弟弟、妹妹看待?,
L8 L1,"院長_人 希望_v 我們_r 把_p 這裡_r 的_uj 小朋友_人 
當成_v 自己_人 的_uj 弟弟_人 、_x 妹妹_人 看待_v",院長希望誰把這裡的小朋友當成自己的弟弟、妹妹看待?,
L8 L1,"小朋友_人 
看見_v 我們_人 ，_x 就_d 扯扯_v 保母_人 的_uj 衣角_物",誰看見我們，就扯扯保母的衣角,
L8 L1,"小朋友_人 
看見_v 我們_人 ，_x 就_d 扯扯_v 保母_人 的_uj 衣角_物",小朋友看見我們，就扯扯誰的衣角,
L8 L1,"小朋友_人 
看見_v 我們_人 ，_x 就_d 扯扯_v 保母_人 的_uj 衣角_物",小朋友看見誰，就扯扯保母的衣角,
L8 L1,"小朋友_人 
看見_v 我們_人 ，_x 就_d 扯扯_v 保母_人 的_uj 衣角_物",小朋友看見我們，就扯扯保母的什麼?,
L8 L1,"保母_n 說_v ：_x 「_x 他們_人 是_v 來_v 和_c 你們_人 做_v 朋友_n 
的_uj 。_x 」",誰說他們是來和你們做朋友的?,
L8 L1,"可愛_v 的_uj 小朋友_人 就_d 
伸出_v 小手_物 ，_x 拉住_v 我們_人 的_uj 手_物",可愛的誰就伸出小手，拉住我們的手,
L8 L1,"可愛_v 的_uj 小朋友_人 就_d 
伸出_v 小手_物 ，_x 拉住_v 我們_人 的_uj 手_物",可愛的小朋友就伸出什麼，拉住我們的手,
L8 L1,"可愛_v 的_uj 小朋友_人 就_d 
伸出_v 小手_物 ，_x 拉住_v 我們_人 的_uj 手_物",可愛的小朋友就伸出小手，拉住我們的什麼,
L8 L1,"有_v 一個_m 小女孩_人 ，_x 跑_v 過_ug 來_v 撲_v 
在_p 我_r 身上_s",有一個誰，跑過來撲在我身上,
L8 L1,"有_v 一個_m 小女孩_人 ，_x 跑_v 過_ug 來_v 撲_v 
在_p 我_r 身上_s",有一個小女孩，跑過來撲在誰身上,
L8 L1,就_d 像_v 拉著_v 自己_r 的_uj 妹妹_人 一樣_r,就像拉著自己的誰一樣,
L8 L1,"回家_事 的_uj 時候_n ，_x 我_人 的_uj 腦海_n 中_s 
浮現_v 出_v 他們_人 渴望_v 有家_r 的_uj 樣子_n",做什麼事情的時候，我的腦害中浮現出他們渴望有家的樣子,
L8 L1,"回家_事 的_uj 時候_n ，_x 我_人 的_uj 腦海_n 中_s 
浮現_v 出_v 他們_人 渴望_v 有家_r 的_uj 樣子_n",回家的時候，誰的腦海中浮現出他們渴望有家的樣子,
L8 L1,"回家_事 的_uj 時候_n ，_x 我_人 的_uj 腦海_n 中_s 
浮現_v 出_v 他們_人 渴望_v 有家_r 的_uj 樣子_n",回家的時候，我的腦海中浮現出誰渴望有家的樣子,
L8 L1,"小女孩_人 的_uj 呼喚_v 聲_q 也_d 在_p 我_人 的_uj 耳邊_s 
響起_v ",誰的呼喚聲也在我的耳邊響起,
L8 L1,"小女孩_人 的_uj 呼喚_v 聲_q 也_d 在_p 我_人 的_uj 耳邊_s 
響起_v ",小女孩的呼喚聲也在誰的耳邊響起,
L8 L1,"我_人 覺得_v 我們_人 有_v 父母_人 的_uj 愛護_v 
，_x 真是太_nr 幸福_事 了_ul",我覺得有誰的愛護，真是太幸福了,
L8 L5,父母親_人 常_d 對_p 子女_人 說_zg,誰常對子女說,
L8 L5,父母親_人 常_d 對_p 子女_人 說_zg,父母親常對誰說,
L8 L5,"做人_事 
要_v 誠實_a ，_x 不要_df 說_v 謊_ng",做什麼事情要誠實，不要說謊,
L8 L5,"老師_人 也常_d 對_p 
學生_人 說_v",誰也常對學生說?,
L8 L5,"老師_人 也常_d 對_p 
學生_人 說_v",老師也常對誰說?,
L8 L5,"我_人 問_v 父親_人 ：_x 「_x 做人_事
為_p 什麼_r 要_v 誠實_a ？_x 」",誰問父親做人為什麼要誠實,o
L8 L5,"我_人 問_v 父親_人 ：_x 「_x 做人_事
為_p 什麼_r 要_v 誠實_a ？_x 」",我問誰做人為什麼要誠實,o
L8 L5,"做人_事
為_p 什麼_r 要_v 誠實_a",做什麼事情為什麼要誠實?,
L8 L5,我_人 又_d 問_v 母親_人,誰又問母親?,
L8 L5,我_人 又_d 問_v 母親_人,我又問誰?,
L8 L5,"做人_事 能_v 
實實_d 在_p 在_p ，_x 不_d 說謊_事 ，_x 不馬虎_i ，_x 他_人 就_d 
可以_c 受到_v 別人_人 的_uj 信任_物",做什麼事情能實實在在，不說謊，不馬虎，他就可以受到別人的信任,o
L8 L5,"做人_事 能_v 
實實_d 在_p 在_p ，_x 不_d 說謊_事 ，_x 不馬虎_i ，_x 他_人 就_d 
可以_c 受到_v 別人_人 的_uj 信任_物",做人能實實在在，不說謊，不馬虎，他就可以受到別人的什麼,
L8 L5,"你_人 誠實_a ，_x 我_人 就_d 喜歡_v 
跟_p 你_人 做_v 朋友_n",誰誠實，我就喜歡跟你做朋友?,
L8 L5,"你_人 誠實_a ，_x 我_人 就_d 喜歡_v 
跟_p 你_人 做_v 朋友_n",你誠實，誰就喜歡跟你做朋友?,
L8 L5,"你_人 不_d 誠實_a ，_x 我_人 就_d 不_d 
喜歡_v 跟_p 你_人 做_v 朋友_n",誰不誠實，我就不喜歡跟你做朋友,
L8 L5,"你_人 不_d 誠實_a ，_x 我_人 就_d 不_d 
喜歡_v 跟_p 你_人 做_v 朋友_n",你不誠實，誰就不喜歡跟你做朋友,
L8 L5,"大家_人 都_d 喜歡_v 和_c 
誠實_a 的_uj 人_人 做_v 朋友_n",誰都喜歡跟誠實的人做朋友?,
L8 L5,"大家_人 都_d 喜歡_v 和_c 
誠實_a 的_uj 人_人 做_v 朋友_n",大家都喜歡跟誠實的誰做朋友?,
L8 L5,"我_人 終_d 於_nr 明白_nr 什麼_r 是_v 「_x 誠實_a 」_x 
了_ul",誰終於明白什麼是誠實了?,
L8 L5,"誠實_a 的_uj 人_人 就是_d 說到做到_l 
，_x 不_d 說_v 假_a 話_n ，_x 不_d 騙_v 人_人",誠實的誰就是說到做到，不說假話，不騙人?,
L8 L3,中國_地方 有_v 一個_m 「_x 夸父追日_i 」_x 的_uj 傳說_n,哪裡有一個夸父追日的傳說?,
L8 L3,夸父_人 是_v 巨人族_n 裡_f 的_uj 英雄_人,誰是巨人族裡的英雄?,
L8 L3,他_人 跑步_事 像_v 飛_v 的_uj 一樣_m,誰跑步像飛一樣?,
L8 L3,他_人 跑步_事 像_v 飛_v 的_uj 一樣_m,他做什麼事情像飛的一樣?,
L8 L3,"有一天_時間 ，_x 他_人 拿著_v 一根_m 大_a 木棒_物 
準備_v 去_v 山上_地方 打_v 老虎_物 ",何時，他拿著一根大木棒準備去山上打老虎?,o
L8 L3,"有一天_時間 ，_x 他_人 拿著_v 一根_m 大_a 木棒_物 
準備_v 去_v 山上_地方 打_v 老虎_物 ",有一天，誰拿著一根大木棒準備去山上打老虎?,o
L8 L3,"有一天_時間 ，_x 他_人 拿著_v 一根_m 大_a 木棒_物 
準備_v 去_v 山上_地方 打_v 老虎_物 ",有一天，他拿著一根什麼準備去山上打老虎?,o
L8 L3,"有一天_時間 ，_x 他_人 拿著_v 一根_m 大_a 木棒_物 
準備_v 去_v 山上_地方 打_v 老虎_物 ",有一天，他拿著一根大木棒準備去哪裡打老虎?,o
L8 L3,"他_人 拿著_v 一根_m 大_a 木棒_物 
準備_v 去_v 山上_地方 打_v 老虎_物 ",他拿著一根大木棒準備去山上打老虎?,
L8 L3,"他_人 拿著_v 一根_m 大_a 木棒_物 
準備_v 去_v 山上_地方 打_v 老虎_物 ",有一天，誰拿著一根大木棒準備去山上打老虎?,
L8 L3,"他_人 拿著_v 一根_m 大_a 木棒_物 
準備_v 去_v 山上_地方 打_v 老虎_物 ",有一天，他拿著一根什麼準備去山上打老虎?,
L8 L3,"他_人 拿著_v 一根_m 大_a 木棒_物 
準備_v 去_v 山上_地方 打_v 老虎_物 ",有一天，他拿著一根大木棒準備去哪裡打老虎?,
L8 L3,"夸父_人 決定_v 去_v 找_v 太陽_n ，
_x 問_v 一_m 問_v 這_r 兩個_m 問題_n",誰決定去找太陽，問一問這兩個問題,o
L8 L3,"夸父_人 拿著_v 手上_s 的_uj 大_n 木棒_物 ，_x 開_zg 
始_vg 追_v 太陽_n",誰拿著手上的大木棒，開始追太陽?,o
L8 L3,"夸父_人 拿著_v 手上_s 的_uj 大_n 木棒_物 ，_x 開_zg 
始_vg 追_v 太陽_n",夸父拿著手上的什麼，開始追太陽?,o
L8 L3,夸父_人 決定_v 去_v 找_v 太陽_n ,誰決定去找太陽?,
L8 L3,夸父_人 拿著_v 手上_s 的_uj 大_n 木棒_物 ,誰拿著手上的大木棒?,
L8 L3,夸父_人 拿著_v 手上_s 的_uj 大_n 木棒_物 ,夸父拿著手上的什麼?,
L8 L3,他_人 使出_v 全身_n 的_uj 力量_n 跑_v,誰使出全身的力量跑?,
L8 L3,"他_人 跑_v 啊_y 
跑_v 啊_y",誰跑啊跑啊,
L8 L3,"於_nr 
是_v 跑_v 到_v 北邊_f 的_uj 大河_地方 去_v 喝水_事", 於是跑去北邊的哪裡去喝水?,
L8 L3,"於_nr 
是_v 跑_v 到_v 北邊_f 的_uj 大河_地方 去_v 喝水_事",於是跑去北邊的大河去做什麼?,
L8 L3,"他_人 大_d 
口_q 大口_n 的_uj 喝_vg ，_x 一下子_m 就_d 把_p 河水_物 喝_vg 
光_n 了_ul",誰大口大口的喝，一下子就把河水喝光了?,o
L8 L3,"他_人 大_d 
口_q 大口_n 的_uj 喝_vg ，_x 一下子_m 就_d 把_p 河水_物 喝_vg 
光_n 了_ul",他大口大口的喝，一下子就把什麼喝光了?,o
L8 L3,"他_人 大_d 
口_q 大口_n 的_uj 喝_vg ",誰大口大口的喝,
L8 L3,"一下子_m 就_d 把_p 河水_物 喝_vg 
光_n 了_ul",一下子就把什麼喝光了?,
L8 L3,夸父_人 喝光_v 了_ul 河水_物,誰喝光了河水?,
L8 L3,夸父_人 喝光_v 了_ul 河水_物,夸父喝光了什麼?,
L8 L3,他_人 想去_v 南邊_f 的_uj 大海_地方 喝水_事,誰想去南邊的大海喝水,
L8 L3,他_人 想去_v 南邊_f 的_uj 大海_地方 喝水_事,他想去南邊的哪裡喝水,
L8 L3,他_人 想去_v 南邊_f 的_uj 大海_地方 喝水_事,他想去南邊的大海做什麼,
L8 L3,"可惜_v 
他_人 還_d 沒_d 跑_v 到_v 大海_地方 ，_x 就_d 累死_v 在_p 路上_s 
了_ul",可惜誰還沒跑到大海，就累死在路上了,o
L8 L3,"可惜_v 
他_人 還_d 沒_d 跑_v 到_v 大海_地方 ，_x 就_d 累死_v 在_p 路上_s 
了_ul",可惜他還沒跑到哪裡，就累死在路上了,o
L8 L3,"可惜_v 
他_人 還_d 沒_d 跑_v 到_v 大海_地方",可惜誰還沒跑到大海,
L8 L3,"可惜_v 
他_人 還_d 沒_d 跑_v 到_v 大海_地方",可惜他還沒跑到哪裡,
L8 L3,"夸父_人 丟_v 在_p 身旁_s 的_uj 大_n 
木棒_物 ，_x 變成_v 了_ul 一片_m 森林_地方",誰丟在身旁的大木棒，變成了一片森林,o
L8 L3,"夸父_人 丟_v 在_p 身旁_s 的_uj 大_n 
木棒_物 ，_x 變成_v 了_ul 一片_m 森林_地方",夸父丟在身旁的什麼，變成了一片森林,o
L8 L3,"夸父_人 丟_v 在_p 身旁_s 的_uj 大_n 
木棒_物 ",誰丟在身旁的大木棒,
L8 L3,"夸父_人 丟_v 在_p 身旁_s 的_uj 大_n 
木棒_物 ",夸父丟在身旁的什麼,
L8 L3,"夸父_人 的_uj 
身子_物 就_d 變成_v 了_ul 一座_m 大山_地方",誰的身子就變成了一座大山?,
L8 L3,"夸父_人 的_uj 
身子_物 就_d 變成_v 了_ul 一座_m 大山_地方",夸父的什麼就變成了一座大山,
L8 L4,從前_時間 有_v 兩個_m 和尚_人,何時有兩個和尚,
L8 L4,從前_時間 有_v 兩個_m 和尚_人,從前有兩個誰?,
L8 L4,"一個_m 和尚_人 
很_d 有_v 錢_物 ，_x 另外_c 一個_m 和尚_人 很_d 窮_a",一個和尚很有什麼，另外一個和尚很窮,o
L8 L4,"一個_m 和尚_人 
很_d 有_v 錢_物 ",一個和尚很有什麼,
L8 L4,"有一天_時間 ，_x 這_r 兩個_m 和尚_人 碰面_v 
了_ul",何時，這兩個和尚碰面了,o
L8 L4,"窮和尚_人 說_zg ：_x 「_x 我_人 希望_v 有_v 機會_n 到_v 
南海_地方 拜佛取經_事",誰說我希望有機會到南海拜佛取經,o
L8 L4,"窮和尚_人 說_zg ：_x 「_x 我_人 希望_v 有_v 機會_n 到_v 
南海_地方 拜佛取經_事",窮和尚說我希望有機會到哪裡拜佛取經,o
L8 L4,"窮和尚_人 說_zg ：_x 「_x 我_人 希望_v 有_v 機會_n 到_v 
南海_地方 拜佛取經_事",窮和尚說我希望有機會到南海做什麼事情?,o
L8 L4,"我_人 希望_v 有_v 機會_n 到_v 
南海_地方 拜佛取經_事",我希望有機會到哪裡拜佛取經?,
L8 L4,"我_人 希望_v 有_v 機會_n 到_v 
南海_地方 拜佛取經_事",我希望有機會到南海做什麼事情?,
L8 L4,我_人 也_d 想_v 去_v 南海_地方 拜佛取經_事,誰也想去南海拜佛取經?,
L8 L4,我_人 也_d 想_v 去_v 南海_地方 拜佛取經_事,我也想去哪裡拜佛取經,
L8 L4,我_人 也_d 想_v 去_v 南海_地方 拜佛取經_事,我也想去南海做什麼事情?,
L8 L4,"你_人 什麼_r 都_d 沒有_v ，_x 竟然_d 要_v 
去_v 南海_地方 拜佛取經_事",誰什麼都沒有，竟然要去南海拜佛取經,o
L8 L4,"你_人 什麼_r 都_d 沒有_v ，_x 竟然_d 要_v 
去_v 南海_地方 拜佛取經_事",你什麼都沒有，竟然要去哪裡拜佛取經,o
L8 L4,"你_人 什麼_r 都_d 沒有_v ，_x 竟然_d 要_v 
去_v 南海_地方 拜佛取經_事",你什麼都沒有，竟然要去南海做什麼事情?,o
L8 L4,"竟然_d 要_v 
去_v 南海_地方 拜佛取經_事",竟然要去哪裡拜佛取經,
L8 L4,"竟然_d 要_v 
去_v 南海_地方 拜佛取經_事",竟然要去南海做什麼事情?,
L8 L4,"我_人 想_v 只要_c 有_v 決心_物 
，_x 帶_v 一個_m 缽_ng 、_x 一根_m 木杖_n ，_x 就_d 夠_v 
了_ul 。",誰想只要有決心，帶一個缽、一根木杖，就夠了,o
L8 L4,"我_人 想_v 只要_c 有_v 決心_物 
，_x 帶_v 一個_m 缽_ng 、_x 一根_m 木杖_n ，_x 就_d 夠_v 
了_ul 。",我想只要有什麼東西，帶一個缽、一根木杖，就夠了,o
L8 L4,我_人 想_v 只要_c 有_v 決心_物 ,誰想只要有決心,
L8 L4,我_人 想_v 只要_c 有_v 決心_物 ,我想只要有什麼東西,
L8 L4,"窮和尚_人 就_d 下_v 
定_v 決心_v",誰就下定決心?,
L8 L4,"只_d 帶_v 了_ul 缽_物 和_c 木杖_物 ，_x 動身_n 
到_v 南海_地方 去_v 了_ul",只帶了什麼東西和木杖，動身到南海去了?,o
L8 L4,"只_d 帶_v 了_ul 缽_物 和_c 木杖_物 ，_x 動身_n 
到_v 南海_地方 去_v 了_ul",只帶了缽和什麼東西，動身到南海去了?,o
L8 L4,"只_d 帶_v 了_ul 缽_物 和_c 木杖_物 ，_x 動身_n 
到_v 南海_地方 去_v 了_ul",只帶了缽和木杖，動身到哪裡去了?,o
L8 L4,只_d 帶_v 了_ul 缽_物 和_c 木杖_物 ,只帶了什麼東西和木杖,
L8 L4,只_d 帶_v 了_ul 缽_物 和_c 木杖_物 ,只帶了缽和什麼東西,
L8 L4,"動身_n 
到_v 南海_地方 去_v 了_ul",動身到哪裡去了?,
L8 L4,他_人 靠著_v 兩條_m 腿_物,他靠著兩條什麼?,
L8 L4,"如果_c 肚子_n 
餓_v 了_ul ，_x 就_d 拿著_v 缽_物",如果肚子餓了，就拿著什麼,o
L8 L4,就_d 拿著_v 缽_物,就拿著什麼?,
L8 L4,"向_p 一些_m 居民_人 化_n 
緣_zg",向誰化緣?,
L8 L4,要_v 一些_m 粗糙_a 的_uj 食物_物 吃_v,要一些粗糙的什麼吃?,
L8 L4,"走累_v 
了_ul ，_x 就_d 到_v 樹上_地方 或_c 山洞_地方 裡_zg 休息_事",走累了，就到哪裡或山洞休息,o
L8 L4,"走累_v 
了_ul ，_x 就_d 到_v 樹上_地方 或_c 山洞_地方 裡_zg 休息_事",走累了，就到樹上或哪裡休息,o
L8 L4,"走累_v 
了_ul ，_x 就_d 到_v 樹上_地方 或_c 山洞_地方 裡_zg 休息_事",走累了，就到樹上或山洞做什麼事情,o
L8 L4, 就_d 到_v 樹上_地方 或_c 山洞_地方 裡_zg 休息_事,就到哪裡或山洞休息,
L8 L4, 就_d 到_v 樹上_地方 或_c 山洞_地方 裡_zg 休息_事,就到樹上或哪裡休息,
L8 L4, 就_d 到_v 樹上_地方 或_c 山洞_地方 裡_zg 休息_事,就到樹上或山洞做什麼事情,
L8 L4,"窮和尚_人 到_v 了_ul 南海_地方 ，_x 取得_v 
一些_m 經書_物 回來_v 了_ul",誰到了南海，取得一些經書回來了,o
L8 L4,"窮和尚_人 到_v 了_ul 南海_地方 ，_x 取得_v 
一些_m 經書_物 回來_v 了_ul",窮和尚到了哪裡，取得一些經書回來了,o
L8 L4,"窮和尚_人 到_v 了_ul 南海_地方 ，_x 取得_v 
一些_m 經書_物 回來_v 了_ul",窮和尚到了南海，取得一些什麼東西回來了,o
L8 L4,窮和尚_人 到_v 了_ul 南海_地方 ,誰到了南海,
L8 L4,窮和尚_人 到_v 了_ul 南海_地方 ,窮和尚到了哪裡,
L8 L4," 取得_v 
一些_m 經書_物 回來_v 了_ul",取得一些什麼東西回來了,
L8 L4,"而_c 富和尚_人 還_d 在_p 
計畫_事 ，_x 要_v 如何_r 去_v 南海_地方 取經_事",而誰還在計畫，要如何去南海取經,o
L8 L4,"而_c 富和尚_人 還_d 在_p 
計畫_事 ，_x 要_v 如何_r 去_v 南海_地方 取經_事",而富和尚還在做什麼事情，要如何去南海取經,o
L8 L4,"而_c 富和尚_人 還_d 在_p 
計畫_事 ，_x 要_v 如何_r 去_v 南海_地方 取經_事",而富和尚還在計畫，要如何去哪裡取經,o
L8 L4,"而_c 富和尚_人 還_d 在_p 
計畫_事 ，_x 要_v 如何_r 去_v 南海_地方 取經_事",而富和尚還在計畫，要如何去南海做什麼事情,o
L8 L4,"而_c 富和尚_人 還_d 在_p 
計畫_事 ",而誰還在計畫,
L8 L4,"而_c 富和尚_人 還_d 在_p 
計畫_事 ",而富和尚還在做什麼事情,
L8 L4,要_v 如何_r 去_v 南海_地方 取經_事,要如何去哪裡取經,
L8 L4,要_v 如何_r 去_v 南海_地方 取經_事,要如何去南海做什麼事情,
L8 L7,泰國_地方 是_v 個_q 熱帶_n 地方_n,哪裡是個熱帶地方?,
L8 L7," 出產_vn 很多_m 
水果_物",出產很多什麼?,
L8 L7,這些_r 水果_物 很_d 受_v 觀光客_人 的_uj 喜愛_v,這些什麼很受觀光的喜愛?,
L8 L7,"紅毛丹_物 ，_x 長_a 得_ud 像_v 一團_m 團_n 
紅毛球_物",什麼長得像一團團紅毛球?,o
L8 L7,"紅毛丹_物 ，_x 長_a 得_ud 像_v 一團_m 團_n 
紅毛球_物",紅毛丹長得像一團團什麼東西?,o
L8 L7,"打開_v 外皮_物 可以_c 看到_v 白色_n 
果肉_物",打開什麼可以看到白色果肉,
L8 L7,"打開_v 外皮_物 可以_c 看到_v 白色_n 
果肉_物",打開外皮可以看到白色的什麼,
L8 L7,"泰國_地方 的_x 榴槤_物 ，_x 可是_c 世上_s 最獨_d 
特的_d 水果_物",哪裡的榴槤，可是世上最獨特的水果,o
L8 L7,"泰國_地方 的_x 榴槤_物 ，_x 可是_c 世上_s 最獨_d 
特的_d 水果_物",泰國的什麼，可是世上最獨特的水果,o
L8 L7,"泰國_地方 的_x 榴槤_物 ，_x 可是_c 世上_s 最獨_d 
特的_d 水果_物",泰國的榴槤，可是世上最獨特的什麼,o
L8 L7,泰國_地方 的_x 榴槤_物,哪裡的榴槤,
L8 L7,泰國_地方 的_x 榴槤_物,泰國的什麼,
L8 L7,"可是_c 世上_s 最獨_d 
特的_d 水果_物",可是世上最獨特的什麼,
L8 L7,"外皮_物 長_a 了_ul 一根_m 根_p 尖利_a 
的_uj 刺_物",什麼東西長了一根根尖利的刺,
L8 L7,"榴槤_物 外_f 
表並_v 不_d 好看_v",什麼東西外表並不好看,
L8 L7,"但是_c 裡面_f 的_uj 果肉_物 ，_x 

會_v 散_v 發出_v 一種_m 特有_b 的_uj 味道_n",但是裡面的什麼東西，會散發出一種特有的味道,o
L8 L7,但是_c 裡面_f 的_uj 果肉_物 ,但是裡面的什麼東西,
L8 L7,"喜歡_v 
它_r 的_uj 人_人 ，_x 說_v 這_r 是_v 全世界_n 最_d 好吃_v 的_uj 
水果_物",喜歡它的誰，說這是全世界最好吃的水果,o
L8 L7,"喜歡_v 
它_r 的_uj 人_人 ，_x 說_v 這_r 是_v 全世界_n 最_d 好吃_v 的_uj 
水果_物",喜歡它的人，說這是全世界最好吃的甚麼東西,o
L8 L7,"喜歡_v 
它_r 的_uj 人_人",喜歡它的誰,
L8 L7,"說_v 這_r 是_v 全世界_n 最_d 好吃_v 的_uj 
水果_物",說這是全世界最好吃的甚麼東西,
L8 L7,"不_d 喜歡_v 它_r 的_uj 人_人 ，_x 一_m 聞到_v 榴槤_物
 ，_x 就_d 掩著_v 鼻子_物 離開_v",不喜歡它的誰，一聞到榴槤，就掩著鼻子離開,o
L8 L7,"不_d 喜歡_v 它_r 的_uj 人_人 ，_x 一_m 聞到_v 榴槤_物
 ，_x 就_d 掩著_v 鼻子_物 離開_v",不喜歡它的人，一聞到什麼東西，就掩著鼻子離開,
L8 L7,"不_d 喜歡_v 它_r 的_uj 人_人 ，_x 一_m 聞到_v 榴槤_物
 ，_x 就_d 掩著_v 鼻子_物 離開_v",不喜歡它的人，一聞到榴槤，就掩著什麼離開,
L8 L7,不_d 喜歡_v 它_r 的_uj 人_人 ,不喜歡它的誰,
L8 L7, 一_m 聞到_v 榴槤_物,一聞到什麼東西,
L8 L7,就_d 掩著_v 鼻子_物 離開_v,就掩著什麼離開,
L8 L7,"聽說榴槤_物 
很_d 有_v 營養_n ，_x 它_r 還_d 有_v 「_x 果王_nrt 」_x 之_u 稱_v 
呢_y",聽說什麼東西很有營養，它還有果王之稱呢,o
L8 L7,"聽說榴槤_物 
很_d 有_v 營養_n",聽說什麼東西很有營養,
L8 L7,"泰國_地方 還_d 有_v 一種_m 被_p 稱為_v 「_x 果后_nrt 」_x 
的_uj 水果_物",哪裡還有一種被稱為果后的水果,
L8 L7,"泰國_地方 還_d 有_v 一種_m 被_p 稱為_v 「_x 果后_nrt 」_x 
的_uj 水果_物",泰國還有一種被稱為果后的什麼東西,
L8 L7,"泰國_地方 還_d 有_v 一種_m 被_p 稱為_v 「_x 果后_nrt 」_x 
的_uj 水果_物 ，_x 叫_v 山竹_物",哪裡還有一種被稱為果后的水果，叫山竹,o
L8 L7,"泰國_地方 還_d 有_v 一種_m 被_p 稱為_v 「_x 果后_nrt 」_x 
的_uj 水果_物 ，_x 叫_v 山竹_物",泰國還有一種被稱為果后的什麼東西，叫山竹,o
L8 L7,"泰國_地方 還_d 有_v 一種_m 被_p 稱為_v 「_x 果后_nrt 」_x 
的_uj 水果_物 ，_x 叫_v 山竹_物",泰國還有一種被稱為果后的水國，叫什麼,o
L8 L7,"山竹_物 的_uj 外皮_物 
是_v 深_a 紅色_n",什麼東西的外皮是深紅色,
L8 L7,"山竹_物 的_uj 外皮_物 
是_v 深_a 紅色_n",山竹的什麼是深紅色,
L8 L7,"打開_v 外皮_物 ，_x 可以_c 看_v 
到_v 雪白_z 的_uj 果肉_物",打開什麼，可以看到雪白的果肉,o
L8 L7,"打開_v 外皮_物 ，_x 可以_c 看_v 
到_v 雪白_z 的_uj 果肉_物",打開外皮，可以看到雪白的什麼,o
L8 L7,波羅蜜_物 也_d 是_v 神奇_a 的_uj 水果_物,什麼東西也是神奇的水果,
L8 L7,波羅蜜_物 也_d 是_v 神奇_a 的_uj 水果_物,波羅蜜也是神奇的什麼,
L8 L7,"一_m 
個_m 波羅蜜_物 有_v 十斤_m 左右_m",一個什麼東西有十斤左右,
L8 L7,它_r 結在_v 樹上_地方,它結在哪裡,
L8 L7,"只_d 靠著_v 一根_m 短小_b 的_uj 蒂_物 ，_x 就_d 把_p 
十幾斤_m 的_uj 波羅蜜_物 掛_v 在_p 樹上_地方",只靠著一根短小的什麼，就把十幾斤的波蘿蜜掛在樹上,o
L8 L7,"只_d 靠著_v 一根_m 短小_b 的_uj 蒂_物 ，_x 就_d 把_p 
十幾斤_m 的_uj 波羅蜜_物 掛_v 在_p 樹上_地方",只靠著一根短小的蒂，就把十幾斤的什麼掛在樹上,o
L8 L7,"只_d 靠著_v 一根_m 短小_b 的_uj 蒂_物 ，_x 就_d 把_p 
十幾斤_m 的_uj 波羅蜜_物 掛_v 在_p 樹上_地方",只靠著一根短小的蒂，就把十幾斤的波羅蜜掛在哪裡,o
L8 L7,只_d 靠著_v 一根_m 短小_b 的_uj 蒂_物 ,只靠著一根短小的什麼,
L8 L7,"就_d 把_p 
十幾斤_m 的_uj 波羅蜜_物 掛_v 在_p 樹上_地方",就把十幾斤的什麼掛在樹上,
L8 L7,"就_d 把_p 
十幾斤_m 的_uj 波羅蜜_物 掛_v 在_p 樹上_地方",就把十幾斤的波羅蜜掛在哪裡,
L8 L7,"泰國_地方 有_v 很多_m 好吃_v 的_uj 水果_物 ，_x 可_v 
以_p 稱得_v 上_f 是_v 水果_物 王國_nr",哪裡有很多好吃的水果，可以稱得上是水果王國,o
L8 L7,"泰國_地方 有_v 很多_m 好吃_v 的_uj 水果_物 ，_x 可_v 
以_p 稱得_v 上_f 是_v 水果_物 王國_nr",泰國有很多好吃的什麼，可以稱得上是水果王國,o
L8 L7,"泰國_地方 有_v 很多_m 好吃_v 的_uj 水果_物 ，_x 可_v 
以_p 稱得_v 上_f 是_v 水果_物 王國_nr",泰國有很多好吃的水果，可以稱得上是什麼王國,o
L8 L7,泰國_地方 有_v 很多_m 好吃_v 的_uj 水果_物,哪裡有很多好吃的水果,
L8 L7,泰國_地方 有_v 很多_m 好吃_v 的_uj 水果_物,泰國有很多好吃的什麼,
L8 L7,"可_v 
以_p 稱得_v 上_f 是_v 水果_物 王國_nr",可以稱得上是什麼王國,
L8 L11,"今天_時間 一大早_時間 ，_x 爸爸_人 帶著_v 我_人 ，_x 
跟著_v 旅行團_n 乘車_n 出發_v",什麼時候一大早，爸爸帶著我，跟著旅行團乘車出發,o
L8 L11,"今天_時間 一大早_時間 ，_x 爸爸_人 帶著_v 我_人 ，_x 
跟著_v 旅行團_n 乘車_n 出發_v",今天的什麼時候，爸爸帶著我，跟著旅行團乘車出發,o
L8 L11,"今天_時間 一大早_時間 ，_x 爸爸_人 帶著_v 我_人 ，_x 
跟著_v 旅行團_n 乘車_n 出發_v",今天一大早，誰帶著我，跟著旅行團乘車出發,o
L8 L11,"目的_n 是_v 去_v 
海邊_地方 玩_v",目的是去哪裡玩,
L8 L11,車子_物 走_v 在_p 海邊_地方 的_uj 公路_地方 上_f,什麼走在海邊的公路上,
L8 L11,車子_物 走_v 在_p 海邊_地方 的_uj 公路_地方 上_f,車子走在哪裡的公路上,
L8 L11,車子_物 走_v 在_p 海邊_地方 的_uj 公路_地方 上_f,車子走在海邊的什麼地方上,
L8 L11,"我們_人 
從_p 車裡_地方 向外看_v ，_x 一路上_l 看到_v 廣_zg 
闊_a 的_uj 大海_地方",誰從車裡向外看，一路上看到廣闊的大海,o
L8 L11,"我們_人 
從_p 車裡_地方 向外看_v ，_x 一路上_l 看到_v 廣_zg 
闊_a 的_uj 大海_地方",我們從車裡向外看，一路上看到廣闊的什麼地方?,o
L8 L11,"我們_人 
從_p 車裡_地方 向外看_v ",誰從車裡向外看,
L8 L11,"一路上_l 看到_v 廣_zg 
闊_a 的_uj 大海_地方",一路上看到廣闊的什麼地方?,
L8 L11,海灘_地方 上_f 遍滿_v 黑色_n 的_uj 石頭_物,哪裡遍滿黑色的石頭,
L8 L11,海灘_地方 上_f 遍滿_v 黑色_n 的_uj 石頭_物,海灘變滿黑色的什麼?,
L8 L11,"水光_n 閃閃_z ，_x 像是_v 怪獸_人
身上_s 長_a 滿_a 了_ul 鱗片_物",水光閃閃，像是誰身上長滿了鱗片,o
L8 L11,"水光_n 閃閃_z ，_x 像是_v 怪獸_人
身上_s 長_a 滿_a 了_ul 鱗片_物",水光閃閃，像是怪獸身上長滿了什麼?,o
L8 L11," 像是_v 怪獸_人
身上_s 長_a 滿_a 了_ul 鱗片_物",像是誰身上長滿了鱗片,
L8 L11," 像是_v 怪獸_人
身上_s 長_a 滿_a 了_ul 鱗片_物",像是怪獸身上長滿了什麼?,
L8 L11,"朵朵_q 的_uj 
浪花_物 ，_x 像_v 穿著_n 白_a 戰衣_物 的_uj 勇士_人 ，_x 排_v 
成_n 一列_m 齊頭並進_l",朵朵的什麼東西，像是穿著白戰衣的勇士，排成一列齊頭並進,o
L8 L11,"朵朵_q 的_uj 
浪花_物 ，_x 像_v 穿著_n 白_a 戰衣_物 的_uj 勇士_人 ，_x 排_v 
成_n 一列_m 齊頭並進_l",朵朵的浪花，像是穿著什麼的勇士，排成一列齊頭並進,o
L8 L11,"朵朵_q 的_uj 
浪花_物 ，_x 像_v 穿著_n 白_a 戰衣_物 的_uj 勇士_人 ，_x 排_v 
成_n 一列_m 齊頭並進_l",朵朵的浪花，像是穿著白戰衣的誰，排成一列齊頭並進,o
L8 L11,"朵朵_q 的_uj 
浪花_物",朵朵的什麼東西,
L8 L11,像_v 穿著_n 白_a 戰衣_物 的_uj 勇士_人,像是穿著什麼的勇士,
L8 L11,像_v 穿著_n 白_a 戰衣_物 的_uj 勇士_人,像是穿著白戰衣的誰,
L8 L11,"當_zg 浪花_物 打_v 在_p 大_n 
石頭_物 上_f ，_x 立刻_d 濺_v 起_v 好_a 幾丈_m 高_a 的_uj 煙霧_物",當浪花打在什麼上，立刻濺起好幾仗高的煙霧,o
L8 L11,"當_zg 浪花_物 打_v 在_p 大_n 
石頭_物 上_f ，_x 立刻_d 濺_v 起_v 好_a 幾丈_m 高_a 的_uj 煙霧_物",當浪花打在石頭上，立刻濺起好幾仗高的什麼,o
L8 L11,"當_zg 浪花_物 打_v 在_p 大_n 
石頭_物 上_f ，_x 立刻_d 濺_v 起_v 好_a 幾丈_m 高_a 的_uj 煙霧_物",當什麼打在石頭上，立刻濺起好幾仗高的煙霧,o
L8 L11,"當_zg 浪花_物 打_v 在_p 大_n 
石頭_物 上_f ",當浪花打在什麼上,
L8 L11,"當_zg 浪花_物 打_v 在_p 大_n 
石頭_物 上_f ",當什麼打在石頭上,
L8 L11,立刻_d 濺_v 起_v 好_a 幾丈_m 高_a 的_uj 煙霧_物,立刻濺起好幾仗高的什麼,
L8 L11,"這種_r 美麗_a 的_uj 景色_物 ，_x 恐怕_d 只有_c 
在_p 海邊_地方 才能_v 看到_v 吧_y",這種美麗的什麼，恐怕只有在海邊才能看到吧,o
L8 L11,"這種_r 美麗_a 的_uj 景色_物 ，_x 恐怕_d 只有_c 
在_p 海邊_地方 才能_v 看到_v 吧_y",這種美麗的景色，恐怕只有在哪裡才能看到吧,o
L8 L11,這種_r 美麗_a 的_uj 景色_物,這種美麗的什麼,
L8 L11,"恐怕_d 只有_c 
在_p 海邊_地方 才能_v 看到_v 吧_y",恐怕只有在哪裡才能看到吧,
L8 L11,車子_物 前方_f 出現_v 一座_m 小島_地方,什麼東西的前方出現一座小島,
L8 L11,"小島_地方 三面_mq 都_d 被_p 海水_物 圍繞_v ，_x 
像是_v 站_v 在_p 海中_地方 的_uj 巨人_物",哪裡三面都被海水圍繞，像是站在海中的巨人,o
L8 L11,"小島_地方 三面_mq 都_d 被_p 海水_物 圍繞_v ，_x 
像是_v 站_v 在_p 海中_地方 的_uj 巨人_物",小島三面都被什麼圍繞，像是站在海中的巨人,o
L8 L11,"小島_地方 三面_mq 都_d 被_p 海水_物 圍繞_v ，_x 
像是_v 站_v 在_p 海中_地方 的_uj 巨人_物",小島三面都被海水圍繞，像是站在哪裡的巨人,o
L8 L11,小島_地方 三面_mq 都_d 被_p 海水_物 圍繞_v ,哪裡三面都被海水圍繞,
L8 L11,小島_地方 三面_mq 都_d 被_p 海水_物 圍繞_v ,小島三面都被什麼圍繞,
L8 L11,像是_v 站_v 在_p 海中_地方 的_uj 巨人_物,像是站在哪裡的巨人,
L8 L11,最_d 後_nr 車子_物 停_v 在_p 海邊_地方,最後什麼停在海邊,
L8 L11,最_d 後_nr 車子_物 停_v 在_p 海邊_地方,最後車子停在哪裡,
L8 L11,"我_人 站_v 在_p 高台_地方 ，_x 耳邊_s 聽到_v 的_uj 是_v 
呼呼_v 的_uj 風聲_物 ，_x 眼前_t 看到_v 的_uj 是_v 海闊天空_i 
的_uj 景象_n",我站在哪裡，耳邊聽到的是呼呼的風聲，眼前看到的是海闊天空的景象,o
L8 L11,"我_人 站_v 在_p 高台_地方 ，_x 耳邊_s 聽到_v 的_uj 是_v 
呼呼_v 的_uj 風聲_物 ，_x 眼前_t 看到_v 的_uj 是_v 海闊天空_i 
的_uj 景象_n",我站在高台，耳邊聽到的是呼呼的什麼，眼前看到的是海闊天空的景象,o
L8 L11,我_人 站_v 在_p 高台_地方,我站在哪裡,
L8 L11,"耳邊_s 聽到_v 的_uj 是_v 
呼呼_v 的_uj 風聲_物",耳邊聽到的是呼呼的什麼,
L8 L11,讓_v 我_人 覺得_v 大自然_d 真_d 偉大_a,讓誰覺得大自然真偉大,
L8 L10,"爸爸_人 帶_v 我們_人 去_v 阿里山_地方 
看日出_事",誰帶我們去阿里山看日出,
L8 L10,"爸爸_人 帶_v 我們_人 去_v 阿里山_地方 
看日出_事",爸爸帶我們去哪裡看日出,
L8 L10,"爸爸_人 帶_v 我們_人 去_v 阿里山_地方 
看日出_事",爸爸帶我們去阿里山做什麼事情,
L8 L10,"旅社_n 的_uj 
服務員_人 用_p 電話_物 叫_v 我們_人 起床_事",旅社的誰用電話叫我們起床,
L8 L10,"旅社_n 的_uj 
服務員_人 用_p 電話_物 叫_v 我們_人 起床_事",旅社的服務員用什麼叫我們起床,
L8 L10,"旅社_n 的_uj 
服務員_人 用_p 電話_物 叫_v 我們_人 起床_事",旅社的服務員用電話叫我們做什麼事情,
L8 L10,"我們_人 
吃_v 了_ul 簡便_a 的_uj 早餐_物",誰吃了簡便的早餐,
L8 L10,"我們_人 
吃_v 了_ul 簡便_a 的_uj 早餐_物",我們吃了簡便的什麼,
L8 L10,"就_d 跟著_v 大家_人 一同_d 
到_v 山上_地方 看日出_事",就跟著誰一同到山上看日出,
L8 L10,"就_d 跟著_v 大家_人 一同_d 
到_v 山上_地方 看日出_事",就跟著大家一同到哪裡看日出,
L8 L10,"就_d 跟著_v 大家_人 一同_d 
到_v 山上_地方 看日出_事",就跟著大家一同到山上做什麼事情,
L8 L10,只有_c 附近_f 幾戶_m 人家_n 亮著_v 燈火_物,只在附近幾戶人家亮著什麼?,
L8 L10,車子_物 停_v 在_p 阿里山_地方 上_f,什麼停在阿里山上,
L8 L10,車子_物 停_v 在_p 阿里山_地方 上_f,車子停在哪裡,
L8 L10,"才_d 知道_v 車外_地方 早已_d 
擠滿_v 了_ul 看日出_事 的_uj 遊客_人",才知道車外早已擠滿了做什麼事情的遊客,
L8 L10,"才_d 知道_v 車外_地方 早已_d 
擠滿_v 了_ul 看日出_事 的_uj 遊客_人",才知道車外早已擠滿了看日出的誰,
L8 L10,靜靜_z 等待_事 日出_事,靜靜等待什麼事情?,
L8 L10,"層_x 
層_q 浮雲_物 的_uj 背_v 後_nr ，_x 透出_v 紅紅_nr 的_uj 亮光_物",層層什麼的背後，透出紅紅的亮光,
L8 L10,"層_x 
層_q 浮雲_物 的_uj 背_v 後_nr ，_x 透出_v 紅紅_nr 的_uj 亮光_物",層層浮雲的背後，透出紅紅的什麼,
L8 L10,日出_事 的_uj 奇景_物 就要_d 登場_v 了_ul,日出的什麼就要登場了?,
L8 L10,"看到_v 天上_s 的_uj 灰雲_物 轉換_v 
成紫雲_物",看到天上的什麼轉換成紫雲,
L8 L10,"看到_v 天上_s 的_uj 灰雲_物 轉換_v 
成紫雲_物",看到天上的灰雲轉換成什麼,
L8 L10,紫雲_物 又_d 轉換_v 成_d 紅雲_物,什麼又轉換成紅雲,
L8 L10,紫雲_物 又_d 轉換_v 成_d 紅雲_物,紫雲又轉換成什麼,
L8 L10,"紅雲_物
漸漸_d 變成_v 橘色_n 的_uj 雲_物",什麼漸漸變成橘色的雲,
L8 L10,"紅雲_物
漸漸_d 變成_v 橘色_n 的_uj 雲_物",紅雲漸漸變成橘色的什麼,
L8 L10,"雲_物 的_uj 四周_m 閃耀_v 
著_n 金光_nr",什麼的四周閃耀著金光,
L8 L10,"就_d 在_p 這_r 金光_nr 閃閃_z 的_uj 浮雲_物 背_n 
後_nr ，_x 升起_v 一個_m 圓圓_z 的_uj 火球_物",就在這金光閃閃的什麼背後，升起一個圓圓的火球,o
L8 L10,"就_d 在_p 這_r 金光_nr 閃閃_z 的_uj 浮雲_物 背_n 
後_nr ，_x 升起_v 一個_m 圓圓_z 的_uj 火球_物",就在這金光閃閃的浮雲背後，升起一個圓圓的什麼,o
L8 L10,升起_v 一個_m 圓圓_z 的_uj 火球_物,升起一個圓圓的什麼,
L8 L10,"山_n 的_uj 另_r 一邊_s 白雲_物 湧起_v ，_x 像_v 一堆_m 
堆_v 的_uj 白雪_物 ，_x 又_d 像_v 成群_n 的_uj 綿羊_物 ，_x 更_d 像_v 
朵朵_q 的_uj 浪花_物",山的另一邊什麼湧起，像一堆堆的白雪，又想成群的綿羊，更像朵朵的浪花,o
L8 L10,"山_n 的_uj 另_r 一邊_s 白雲_物 湧起_v ，_x 像_v 一堆_m 
堆_v 的_uj 白雪_物 ，_x 又_d 像_v 成群_n 的_uj 綿羊_物 ，_x 更_d 像_v 
朵朵_q 的_uj 浪花_物",山的另一邊白雲湧起，像一堆堆的什麼，又想成群的綿羊，更像朵朵的浪花,o
L8 L10,"山_n 的_uj 另_r 一邊_s 白雲_物 湧起_v ，_x 像_v 一堆_m 
堆_v 的_uj 白雪_物 ，_x 又_d 像_v 成群_n 的_uj 綿羊_物 ，_x 更_d 像_v 
朵朵_q 的_uj 浪花_物",山的另一邊白雲湧起，像一堆堆的白雪，又想成群的什麼，更像朵朵的浪花,o
L8 L10,"山_n 的_uj 另_r 一邊_s 白雲_物 湧起_v ，_x 像_v 一堆_m 
堆_v 的_uj 白雪_物 ，_x 又_d 像_v 成群_n 的_uj 綿羊_物 ，_x 更_d 像_v 
朵朵_q 的_uj 浪花_物",山的另一邊白雲湧起，像一堆堆的白雪，又想成群的綿羊，更像朵朵的什麼,o
L8 L10,山_n 的_uj 另_r 一邊_s 白雲_物 湧起_v,山的另一邊什麼湧起,
L8 L15,"爺爺_人 常_d 牽著_v 我_人 的_uj 
手_物 ",誰常牽著我的手,
L8 L15,"爺爺_人 常_d 牽著_v 我_人 的_uj 
手_物 ",爺爺常牽著誰的手,
L8 L15,帶_v 我_人 到_v 湖邊_地方 散步_n,帶我到哪裡散步,
L8 L15,"爺爺_人 常_d 牽著_v 我_人 的_uj 
手_物 ，_x 帶_v 我_人 到_v 湖邊_地方 散步_n",誰常牽著我的手，帶我到湖邊散步,o
L8 L15,"爺爺_人 常_d 牽著_v 我_人 的_uj 
手_物 ，_x 帶_v 我_人 到_v 湖邊_地方 散步_n",爺爺常牽著誰的手，帶我到湖邊散步,o
L8 L15,"爺爺_人 常_d 牽著_v 我_人 的_uj 
手_物 ，_x 帶_v 我_人 到_v 湖邊_地方 散步_n",爺爺常牽著我的手，帶我到哪裡散步,o
L8 L15,"這裡_r 有_v 一_m 大片_n 平地_地方 ，_x 可以_c 
提供_v 我們_人 種植_事",這裡有一大片什麼地方，可以提供我們種植,o
L8 L15,"這裡_r 有_v 一_m 大片_n 平地_地方 ，_x 可以_c 
提供_v 我們_人 種植_事",這裡有一大片平地，可以提供我們做什麼事情,o
L8 L15,這裡_r 有_v 一_m 大片_n 平地_地方,這裡有一大片什麼地方,
L8 L15,"可以_c 
提供_v 我們_人 種植_事",可以提供我們做什麼事情,
L8 L15,"我們_人 是_v 很_d 有_v 福氣_物 
的_uj 一群_m 人_人",我們是很有什麼的一群人,
L8 L15,我_人 看_v 爺爺_人 總_b 是_v 讚美_v 這_r 個_q 地方_地方,我看誰總是讚美這個地方,
L8 L15,"可_v 
是_v 我_人 多麼_r 希望_v 能住_v 在_p 清邁_地方",可是我多麼希望能住在哪裡,
L8 L15,"因為_c 
清邁_地方 被_p 稱為_v 「_x 玫瑰_n 之_u 都_d 」_x",因為哪裡被稱為玫瑰之都,
L8 L15,"我_人 慢慢_d 長_a 大_a 了_ul ，_x 開始_v 懂得_v 爺爺_人 
的_uj 心情_n",誰慢慢長大了，開始懂得爺爺的心情,
L8 L15,"我_人 慢慢_d 長_a 大_a 了_ul ，_x 開始_v 懂得_v 爺爺_人 
的_uj 心情_n",我慢慢長大了，開始懂得誰的心情,
L8 L15,"爺爺_人 是_v 在_p 一九四九年_時間 
離開_v 家鄉_地方 的_uj",誰是在一九四九年離開家鄉的?,
L8 L15,"爺爺_人 是_v 在_p 一九四九年_時間 
離開_v 家鄉_地方 的_uj",爺爺是在何時離開家鄉的?,
L8 L15,"當時_t 會_v 離開_v 自己_r 生_vn 
長_a 的_uj 地方_地方 ，_x 是_v 因為_c 戰爭_事",當時會離開自己生長的地方，是因為什麼事情?,
L8 L15,"爺爺_人 跟隨_v 
軍隊_n 離開_v 了_ul 家鄉_地方 ，_x 再_d 跟著_v 部隊_n 從_p 
雲南_地方 撤退_事 到_v 緬甸_地方 ，_x 然_r 後_nr 從_p 緬甸_地方 撤退_事
到_v 泰北_地方",誰跟隨軍隊離開了家鄉，再跟著部隊從雲南撤退到緬甸，然後從緬甸撤隊到泰北,o
L8 L15,"爺爺_人 跟隨_v 
軍隊_n 離開_v 了_ul 家鄉_地方 ，_x 再_d 跟著_v 部隊_n 從_p 
雲南_地方 撤退_事 到_v 緬甸_地方 ，_x 然_r 後_nr 從_p 緬甸_地方 撤退_事
到_v 泰北_地方",爺爺跟隨軍隊離開了家鄉，再跟著部隊從雲南撤退到哪裡，然後從緬甸撤隊到泰北,o
L8 L15,"爺爺_人 跟隨_v 
軍隊_n 離開_v 了_ul 家鄉_地方 ，_x 再_d 跟著_v 部隊_n 從_p 
雲南_地方 撤退_事 到_v 緬甸_地方 ，_x 然_r 後_nr 從_p 緬甸_地方 撤退_事
到_v 泰北_地方",爺爺跟隨軍隊離開了家鄉，再跟著部隊從雲南撤退到緬甸，然後從緬甸撤隊到哪裡,o
L8 L15,"爺爺_人 跟隨_v 
軍隊_n 離開_v 了_ul 家鄉_地方",誰跟隨軍隊離開了家鄉,
L8 L15,"再_d 跟著_v 部隊_n 從_p 
雲南_地方 撤退_事 到_v 緬甸_地方",再跟著部隊從雲南撤退到哪裡,
L8 L15,"然_r 後_nr 從_p 緬甸_地方 撤退_事
到_v 泰北_地方",然後從緬甸撤隊到哪裡,
L8 L15,"等_u 戰爭_事 結束_v 了_ul ，_x 爺爺_人 就_d 
定居_v 在_p 大谷地_地方",等什麼事情結束了，爺爺就定居在大谷地,o
L8 L15,"等_u 戰爭_事 結束_v 了_ul ，_x 爺爺_人 就_d 
定居_v 在_p 大谷地_地方",等戰爭結束了，誰就定居在大谷地,o
L8 L15,"等_u 戰爭_事 結束_v 了_ul ，_x 爺爺_人 就_d 
定居_v 在_p 大谷地_地方",等戰爭結束了，爺爺就定居在什麼地方,o
L8 L15,等_u 戰爭_事 結束_v 了_ul,等什麼事情結束了,
L8 L15," 爺爺_人 就_d 
定居_v 在_p 大谷地_地方",誰就定居在大谷地,
L8 L15," 爺爺_人 就_d 
定居_v 在_p 大谷地_地方",爺爺就定居在什麼地方,
L8 L15,"爺爺_人 和_c 朋友_人 在_p 這裡_r 住_v 了_ul 六十多年_時間
了_ul",誰和朋友在這裡住了六十多年了,
L8 L15,"爺爺_人 和_c 朋友_人 在_p 這裡_r 住_v 了_ul 六十多年_時間
了_ul",爺爺和誰在這裡住了六十多年了,
L8 L15,"爺爺_人 和_c 朋友_人 在_p 這裡_r 住_v 了_ul 六十多年_時間
了_ul",爺爺和朋友在這裡住了多久了,
L8 L15,他們_人 在_p 這裡_r 開墾_事 ，_x 種植_v 農產品_物,他們在這裡做什麼事情，種植農產品,o
L8 L15,他們_人 在_p 這裡_r 開墾_事 ，_x 種植_v 農產品_物,他們在這裡開墾，種植什麼,o
L8 L15,他們_人 在_p 這裡_r 開墾_事 ,他們在這裡做什麼事情,
L8 L15,"而_c 我_人 出生_v 在_p 這裡_r ，_x 這_zg 
裡_f 當然_d 是_v 我_人 的_uj 家鄉_地方",而我出生在這裡，這裡當然是我的什麼,o
L8 L15,"這_zg 
裡_f 當然_d 是_v 我_人 的_uj 家鄉_地方",這裡當然是我的什麼地方,
L8 L13,"勤勞_人 」_x 和_c 「_x 懶惰_人 」_x ，_x 都_d 喜歡_v 跟_p 人_人
做朋友_事",誰和懶惰，都喜歡跟人做朋友,
L8 L13,"勤勞_人 」_x 和_c 「_x 懶惰_人 」_x ，_x 都_d 喜歡_v 跟_p 人_人
做朋友_事",勤勞和誰，都喜歡跟人做朋友,
L8 L13,"農人_人 和_c 勤勞_人 做_v 朋友_n ，_x 就_d 可以_c 收穫_v 
豐_nr 富_a",誰和勤勞做朋友，就可以收穫豐富,
L8 L13,"農人_人 和_c 勤勞_人 做_v 朋友_n ，_x 就_d 可以_c 收穫_v 
豐_nr 富_a",農人和誰做朋友，就可以收穫豐富,
L8 L13,"勤勞_人 和_c 工人_人 做朋友_事 ，_x 工人_人 就_d 
可以_c 生產_vn 出_v 精美_a 的_uj 產品_物",誰和工人做朋友，工人就可以生產出精美的產品,
L8 L13,"勤勞_人 和_c 工人_人 做朋友_事 ，_x 工人_人 就_d 
可以_c 生產_vn 出_v 精美_a 的_uj 產品_物",勤勞和誰做朋友，工人就可以生產出精美的產品,
L8 L13,"勤勞_人 和_c 工人_人 做朋友_事 ，_x 工人_人 就_d 
可以_c 生產_vn 出_v 精美_a 的_uj 產品_物",勤勞和工人做什麼事情，工人就可以生產出精美的產品,
L8 L13,"勤勞_人 和_c 工人_人 做朋友_事 ，_x 工人_人 就_d 
可以_c 生產_vn 出_v 精美_a 的_uj 產品_物",勤勞和工人做朋友，誰就可以生產出精美的產品,
L8 L13,"勤勞_人 和_c 工人_人 做朋友_事 ，_x 工人_人 就_d 
可以_c 生產_vn 出_v 精美_a 的_uj 產品_物",勤勞和工人做朋友，工人就可以生產出精美的什麼,
L8 L13,"勤勞_人 和_c 商人_人 
做朋友_事 ，_x 商人_人 的_uj 貨物_物 就_d 可以_c 流通_vn",誰和商人做朋友，商人的貨物就可以流通,
L8 L13,"勤勞_人 和_c 商人_人 
做朋友_事 ，_x 商人_人 的_uj 貨物_物 就_d 可以_c 流通_vn",勤勞和誰做朋友，商人的貨物就可以流通,
L8 L13,"勤勞_人 和_c 商人_人 
做朋友_事 ，_x 商人_人 的_uj 貨物_物 就_d 可以_c 流通_vn",勤勞和商人做朋友，誰的貨物就可以流通,
L8 L13,"勤勞_人 和_c 商人_人 
做朋友_事 ，_x 商人_人 的_uj 貨物_物 就_d 可以_c 流通_vn",勤勞和商人做朋友，商人的什麼就可以流通,
L8 L13,"學生_人 和_c 勤勞_人 做朋友_事 ，_x 學生_人 
的_uj 成績_物 就_d 可以_c 進步_事",誰和勤勞做朋友，學生的成績就可以進步,
L8 L13,"學生_人 和_c 勤勞_人 做朋友_事 ，_x 學生_人 
的_uj 成績_物 就_d 可以_c 進步_事",學生和誰做朋友，學生的成績就可以進步,
L8 L13,"學生_人 和_c 勤勞_人 做朋友_事 ，_x 學生_人 
的_uj 成績_物 就_d 可以_c 進步_事",學生和勤勞做朋友，誰的成績就可以進步,
L8 L13,"學生_人 和_c 勤勞_人 做朋友_事 ，_x 學生_人 
的_uj 成績_物 就_d 可以_c 進步_事",學生和勤勞做朋友，學生的什麼就可以進步,
L8 L13,"勤勞_人 和_c 我們_人 做朋友_事 ，_x 可以_c 帶給_v 
我們_人 成功_物 的_uj 快樂_物",誰和我們做朋友，可以帶給我們成功的快樂,
L8 L13,"勤勞_人 和_c 我們_人 做朋友_事 ，_x 可以_c 帶給_v 
我們_人 成功_物 的_uj 快樂_物",勤勞和誰做朋友，可以帶給我們成功的快樂,
L8 L13,"勤勞_人 和_c 我們_人 做朋友_事 ，_x 可以_c 帶給_v 
我們_人 成功_物 的_uj 快樂_物",勤勞和我們做朋友，可以帶給誰成功的快樂,
L8 L13,"勤勞_人 和_c 我們_人 做朋友_事 ，_x 可以_c 帶給_v 
我們_人 成功_物 的_uj 快樂_物",勤勞和我們做朋友，可以帶給我們什麼的快樂,
L8 L13,"勤勞_人 和_c 我們_人 做朋友_事 ，_x 可以_c 帶給_v 
我們_人 成功_物 的_uj 快樂_物",勤勞和我們做朋友，可以帶給我們成功的什麼,
L8 L13,"聰明_a 的_uj 人_人 都_d 
喜歡_v 跟_p 勤勞_人 接近_v",聰明的誰都喜歡跟勤勞接近,
L8 L13,"聰明_a 的_uj 人_人 都_d 
喜歡_v 跟_p 勤勞_人 接近_v",聰明的人都喜歡跟誰接近,
L8 L13,懶惰_人 和_c 勤勞_人 正好_a 相反_v,誰和勤勞正好相反,
L8 L13,懶惰_人 和_c 勤勞_人 正好_a 相反_v,懶惰和誰正好相反,
L8 L13,"農人_人 和_c 
懶惰_人 做朋友_事 ，_x 收穫_物 就_d 減_v 少_a",誰和懶惰做朋友，收穫就減少,
L8 L13,"農人_人 和_c 
懶惰_人 做朋友_事 ，_x 收穫_物 就_d 減_v 少_a",農人和誰做朋友，收穫就減少,
L8 L13,"農人_人 和_c 
懶惰_人 做朋友_事 ，_x 收穫_物 就_d 減_v 少_a",農人和懶惰做朋友，什麼東西就減少,
L8 L13,"工人_人 和_c 
懶惰_人 做朋友_事 ，_x 產品_物 就_d 會_v 粗陋_a",誰和懶惰做朋友，產品就會粗陋,
L8 L13,"工人_人 和_c 
懶惰_人 做朋友_事 ，_x 產品_物 就_d 會_v 粗陋_a",工人和誰做朋友，產品就會粗陋,
L8 L13,"工人_人 和_c 
懶惰_人 做朋友_事 ，_x 產品_物 就_d 會_v 粗陋_a",工人和懶惰做什麼事情，產品就會粗陋,
L8 L13,"工人_人 和_c 
懶惰_人 做朋友_事 ，_x 產品_物 就_d 會_v 粗陋_a",工人和懶惰做朋友，什麼就會粗陋,
L8 L13,"商人_人 和_c 
它_人 做朋友_事 ，_x 業績_物 就_d 會_v 減少_v",誰和它做朋友，業績就會減少,
L8 L13,"商人_人 和_c 
它_人 做朋友_事 ，_x 業績_物 就_d 會_v 減少_v",商人和誰做朋友，業績就會減少,
L8 L13,"商人_人 和_c 
它_人 做朋友_事 ，_x 業績_物 就_d 會_v 減少_v",商人和它做什麼事情，業績就會減少,
L8 L13,"商人_人 和_c 
它_人 做朋友_事 ，_x 業績_物 就_d 會_v 減少_v",商人和它做朋友，什麼就會減少,
L8 L13,愚笨_a 的_uj 人_人 ，_x 喜歡_v 和_c 懶惰_人 做朋友_事,愚笨的人，喜歡和誰做朋友,
L8 L13,愚笨_a 的_uj 人_人 ，_x 喜歡_v 和_c 懶惰_人 做朋友_事,愚笨的人，喜歡和懶惰做什麼事情,
L8 L13,"於_nr 是_v 先_d 嘗到_v 快樂_a 的_uj 滋味_n ，_x 再體_d 會_v 痛苦_物
 和_c 後悔_物",於是先嘗到快樂的滋味，再體會什麼和後悔,o
L8 L13,"於_nr 是_v 先_d 嘗到_v 快樂_a 的_uj 滋味_n ，_x 再體_d 會_v 痛苦_物
 和_c 後悔_物",於是先嘗到快樂的滋味，再體會痛苦和什麼,o
L8 L13," 再體_d 會_v 痛苦_物
 和_c 後悔_物",再體會什麼和後悔,
L8 L13," 再體_d 會_v 痛苦_物
 和_c 後悔_物",再體會痛苦和什麼,
L8 L13,"做_v 大事_n 
的_uj 人_人 ，_x 都_d 是_v 先吃盡苦頭_i ，_x 最_d 後_nr 才_d 成功_a 
的_uj",做什麼事情的人，都是先吃進苦頭，最後才成功的,o
L8 L13,"做_v 大事_n 
的_uj 人_人 ",做什麼事情的人,
L8 L13,所以_c 我們_人 要_v 做_v 一個_m 勤勞_a 的_uj 人_人,所以誰要做一個勤勞的人,
L8 L13,所以_c 我們_人 要_v 做_v 一個_m 勤勞_a 的_uj 人_人,所以我們要做一個勤勞的誰,
L8 L14,你_人 從_p 廣大_a 的_uj 田野_地方 流過_v,誰從廣大的田野流過,
L8 L14,你_人 從_p 廣大_a 的_uj 田野_地方 流過_v,你從廣大的什麼地方流過,
L8 L14,帶來_v 深山_地方 裡_f 的_uj 氣息_物,帶來哪裡的氣息,
L8 L14,帶來_v 深山_地方 裡_f 的_uj 氣息_物,帶來深山的什麼東西,
L8 L14,松針_物 和_c 青苔_物 把_p 河水_物 染綠_v 了_ul,什麼和青苔把河水染綠了,
L8 L14,松針_物 和_c 青苔_物 把_p 河水_物 染綠_v 了_ul,松針和什麼把河水染綠了,
L8 L14,松針_物 和_c 青苔_物 把_p 河水_物 染綠_v 了_ul,松針和青苔把什麼染綠了,
L8 L14,你_人 從_p 都市_地方 的_uj 邊緣_n 流過_v,誰從都市的邊緣流過,
L8 L14,你_人 從_p 都市_地方 的_uj 邊緣_n 流過_v,你從哪裡的邊緣流過,
L8 L14,帶來_v 人群_n 的_uj 快樂_物 和_c 奮勉_物,帶來人群的什麼和勤勉,
L8 L14,帶來_v 人群_n 的_uj 快樂_物 和_c 奮勉_物,帶來人群的快樂和什麼,
L8 L12,"李先生_人 的_uj 好_a 脾氣_物 是_v 很_d 有名_a 
的_uj",誰的好脾氣是很有名的,
L8 L12,"李先生_人 的_uj 好_a 脾氣_物 是_v 很_d 有名_a 
的_uj",李先生的什麼是很有名的,
L8 L12,"鄰居_人 們_k 覺得_v 他_人 的_uj 好_a 脾氣_物 真是_d 
稀奇_a ，_x 都_d 對_p 他_人 佩服_v 得_ud 不得了_l",誰覺得他的好脾氣真是稀奇，都對他佩服得不得了,o
L8 L12,"鄰居_人 們_k 覺得_v 他_人 的_uj 好_a 脾氣_物 真是_d 
稀奇_a ，_x 都_d 對_p 他_人 佩服_v 得_ud 不得了_l",鄰居們覺得誰的好脾氣真是稀奇，都對他佩服得不得了,o
L8 L12,"鄰居_人 們_k 覺得_v 他_人 的_uj 好_a 脾氣_物 真是_d 
稀奇_a ，_x 都_d 對_p 他_人 佩服_v 得_ud 不得了_l",鄰居們覺得他的好脾氣真是稀奇，都對誰佩服得不得了,o
L8 L12,"鄰居_人 們_k 覺得_v 他_人 的_uj 好_a 脾氣_物 真是_d 
稀奇_a ，_x 都_d 對_p 他_人 佩服_v 得_ud 不得了_l",鄰居們覺得他的什麼東西真是稀奇，都對他佩服得不得了,o
L8 L12,"鄰居_人 們_k 覺得_v 他_人 的_uj 好_a 脾氣_物 真是_d 
稀奇_a ",誰覺得他的好脾氣真是稀奇,
L8 L12,"鄰居_人 們_k 覺得_v 他_人 的_uj 好_a 脾氣_物 真是_d 
稀奇_a ",鄰居們覺得誰的好脾氣真是稀奇,
L8 L12,"鄰居_人 們_k 覺得_v 他_人 的_uj 好_a 脾氣_物 真是_d 
稀奇_a ",鄰居們覺得他的什麼東西真是稀奇,
L8 L12,都_d 對_p 他_人 佩服_v 得_ud 不得了_l,都對誰佩服得不得了,
L8 L12,"李先生_人 請_v 幾個_m 朋友_人 
到_v 餐廳_地方 去_v 吃飯_事",誰請幾個朋友到餐廳去吃飯,
L8 L12,"李先生_人 請_v 幾個_m 朋友_人 
到_v 餐廳_地方 去_v 吃飯_事",李先生請幾個朋友到哪裡去吃飯,
L8 L12,"李先生_人 請_v 幾個_m 朋友_人 
到_v 餐廳_地方 去_v 吃飯_事",李先生請幾個朋友到餐廳去做什麼事,
L8 L12,"餐廳_地方 裡_f 有_v 一個_m 
新來_v 的_uj 服務生_人 ",什麼地方裡有一個新來的服務生,
L8 L12,"餐廳_地方 裡_f 有_v 一個_m 
新來_v 的_uj 服務生_人 ",餐廳裡有一個新來的誰,
L8 L12,"上菜_事 不_d 小心_n ，_x 把_p 
一碗_m 熱湯_物 打翻_v 了_ul",做什麼事情不小心，把一碗熱湯打翻了,
L8 L12,"上菜_事 不_d 小心_n ，_x 把_p 
一碗_m 熱湯_物 打翻_v 了_ul",上菜不小心，把一碗什麼東西打翻了,
L8 L12,"不但_c 弄_v 髒_y 了_ul 自己_人 
的_uj 袖子_物 ，_x 還_d 濺_v 了_ul 李先生_人 一身_m",不但弄髒了誰的袖子，還濺了李先生一身,
L8 L12,"不但_c 弄_v 髒_y 了_ul 自己_人 
的_uj 袖子_物 ，_x 還_d 濺_v 了_ul 李先生_人 一身_m",不但弄髒了自己的什麼，還濺了李先生一身,
L8 L12,"不但_c 弄_v 髒_y 了_ul 自己_人 
的_uj 袖子_物 ，_x 還_d 濺_v 了_ul 李先生_人 一身_m",不但弄髒了自己的袖子，還濺了誰一身,
L8 L12,把_p 李先生_人 嚇_v 了_ul 一大跳_i,把誰下了一大跳,
L8 L12,"服務生_人 慌_a 
了_ul",誰慌了?,
L8 L12,"李先生_人 站_v 起來_v ，_x 從_zg 口袋_物 裡_f 掏_v 
出_v 一條_m 手帕_物 ",誰站起來，從口袋裡掏出一條手帕,
L8 L12,"李先生_人 站_v 起來_v ，_x 從_zg 口袋_物 裡_f 掏_v 
出_v 一條_m 手帕_物 ",李先生站起來，從哪裡掏出一條手帕,
L8 L12,"李先生_人 站_v 起來_v ，_x 從_zg 口袋_物 裡_f 掏_v 
出_v 一條_m 手帕_物 ",李先生站起來，從口袋裡掏出一條什麼東西,
L8 L12,"朋友_人 們_k 以為_c 他_人 是_v 要_v 
擦_v 自己_人 的_uj 衣服_物 ，_x 沒_zg 想到_v 他_人 伸手_v 去_v 
擦_v 服務生_人 的_uj 袖子_物",朋友們以為誰是要擦自己的衣服，沒想到他伸手去擦服務生的袖子,o
L8 L12,"朋友_人 們_k 以為_c 他_人 是_v 要_v 
擦_v 自己_人 的_uj 衣服_物 ，_x 沒_zg 想到_v 他_人 伸手_v 去_v 
擦_v 服務生_人 的_uj 袖子_物",朋友們以為他是要擦自己的衣服，沒想到他伸手去擦誰的袖子,o
L8 L12,"朋友_人 們_k 以為_c 他_人 是_v 要_v 
擦_v 自己_人 的_uj 衣服_物 ，_x 沒_zg 想到_v 他_人 伸手_v 去_v 
擦_v 服務生_人 的_uj 袖子_物",朋友們以為他是要擦自己的衣服，沒想到他伸手去擦服務生的什麼,o
L8 L12,"朋友_人 們_k 以為_c 他_人 是_v 要_v 
擦_v 自己_人 的_uj 衣服_物 ",朋友們以為誰是要擦自己的衣服,
L8 L12,"朋友_人 們_k 以為_c 他_人 是_v 要_v 
擦_v 自己_人 的_uj 衣服_物 ",朋友們以為他是要擦自己的什麼,
L8 L12,"沒_zg 想到_v 他_人 伸手_v 去_v 
擦_v 服務生_人 的_uj 袖子_物",沒想到他伸手去擦誰的袖子,
L8 L12,"沒_zg 想到_v 他_人 伸手_v 去_v 
擦_v 服務生_人 的_uj 袖子_物",沒想到他伸手去擦服務生的什麼,
L8 L12,"他_人 的_uj 
態度_物 就_d 像_v 對待_v 自己_人 的_uj 孩子_人 一樣_r",誰的態度就像對待自己的孩子一樣,
L8 L12,"他_人 的_uj 
態度_物 就_d 像_v 對待_v 自己_人 的_uj 孩子_人 一樣_r",他的什麼就像對待自己的孩子一樣,
L8 L12,"他_人 的_uj 
態度_物 就_d 像_v 對待_v 自己_人 的_uj 孩子_人 一樣_r",他的態度就像對待誰的孩子一樣,
L8 L12,"他_人 的_uj 
態度_物 就_d 像_v 對待_v 自己_人 的_uj 孩子_人 一樣_r",他的態度就像對待自己的誰一樣,
L8 L12,"李先生_人 陪_v 太太_人 到_v 
醫院_地方 看病_事",誰陪太太到醫院看病,
L8 L12,"李先生_人 陪_v 太太_人 到_v 
醫院_地方 看病_事",李先生陪誰到醫院看病,
L8 L12,"李先生_人 陪_v 太太_人 到_v 
醫院_地方 看病_事",李先生陪太太到哪裡看病,
L8 L12,"李先生_人 陪_v 太太_人 到_v 
醫院_地方 看病_事",李先生陪太太到醫院做什麼事情,
L8 L12,"有_v 一個_m 護士_人 
跑_v 過來_t ，_x 迎面_d 撞上_v 了_ul 李先生_人",有一個誰跑過來，迎面撞上了李先生,
L8 L12,"有_v 一個_m 護士_人 
跑_v 過來_t ，_x 迎面_d 撞上_v 了_ul 李先生_人",有一個護士跑過來，迎面撞上了誰,
L8 L12,"李先生_人
的_uj 鼻子_物 被_p 那個_r 人_人 的_uj 頭_物 重重_a 
的_uj 撞_v 了_ul 一下_m",誰的鼻子背那個人的頭重重的撞了一下,
L8 L12,"李先生_人
的_uj 鼻子_物 被_p 那個_r 人_人 的_uj 頭_物 重重_a 
的_uj 撞_v 了_ul 一下_m",李先生的什麼被那個人的頭重重的撞了一下,
L8 L12,"李先生_人
的_uj 鼻子_物 被_p 那個_r 人_人 的_uj 頭_物 重重_a 
的_uj 撞_v 了_ul 一下_m",李先生的鼻子被那個人的什麼重重的撞了一下,
L8 L12,李先生_人 還_x 伸手_v 去_v 摸_v 護士_人 的_uj 頭_物,誰還伸手去摸護士的頭,
L8 L12,李先生_人 還_x 伸手_v 去_v 摸_v 護士_人 的_uj 頭_物,李先生還伸手去摸誰的頭,
L8 L12,李先生_人 還_x 伸手_v 去_v 摸_v 護士_人 的_uj 頭_物,李先生還伸手去摸護士的哪裡,
L8 L12,"難_a 道_q 
你_人 從來_d 不_d 生氣_n 嗎_y",難道誰從來不生氣嗎,
L8 L12,"但是_c 你_人 只要_c 多_m 替_p 別人_人 想_v 
想_v ，_x 氣_物 就_d 消_v 了_ul",但是誰只要多替別人想想，氣就消了,
L8 L12,"但是_c 你_人 只要_c 多_m 替_p 別人_人 想_v 
想_v ，_x 氣_物 就_d 消_v 了_ul",但是你只要多替別人想想，什麼就消了,
L8 L12,"我_人 總_b 覺得_v ，_x 隨便_d 
對_p 人_人 發_n 脾氣_物 是_v 不_d 應該_v 的_uj",誰總覺得，隨便對人發脾氣是不應該的,
L8 L8,美國_地方 有位_n 發明家_人 名叫_v 貝爾_人,哪裡有位發明家名叫貝爾,
L8 L8,"他父親_人 是_v 教_v 聾啞人_人 說話_事 的_uj 專家_人 ，_x 
所以_c 貝爾_人 從_p 小_a 就_d 喜歡_v 研究_vn 人類_人 說話_事 
的_uj 聲音_物",誰是教聾啞人說話的專家，所以貝爾從小就喜歡研究人類說話的聲音,
L8 L8,"他父親_人 是_v 教_v 聾啞人_人 說話_事 的_uj 專家_人 ，_x 
所以_c 貝爾_人 從_p 小_a 就_d 喜歡_v 研究_vn 人類_人 說話_事 
的_uj 聲音_物",他父親是教誰說話的專家，所以貝爾從小就喜歡研究人類說話的聲音,
L8 L8,"他父親_人 是_v 教_v 聾啞人_人 說話_事 的_uj 專家_人 ，_x 
所以_c 貝爾_人 從_p 小_a 就_d 喜歡_v 研究_vn 人類_人 說話_事 
的_uj 聲音_物",他父親是教聾啞人說話的專家，所以誰從小就喜歡研究人類說話的聲音,
L8 L8,"他父親_人 是_v 教_v 聾啞人_人 說話_事 的_uj 專家_人 ，_x 
所以_c 貝爾_人 從_p 小_a 就_d 喜歡_v 研究_vn 人類_人 說話_事 
的_uj 聲音_物",他父親是教聾啞人說話的專家，所以貝爾從小就喜歡研究人類做什麼事情的聲音,
L8 L8,他父親_人 是_v 教_v 聾啞人_人 說話_事 的_uj 專家_人,誰是教聾啞人說話的專家,
L8 L8,他父親_人 是_v 教_v 聾啞人_人 說話_事 的_uj 專家_人,他父親是教誰說話的專家,
L8 L8,"所以_c 貝爾_人 從_p 小_a 就_d 喜歡_v 研究_vn 人類_人 說話_事 
的_uj 聲音_物",所以誰從小就喜歡研究人類說話的聲音,
L8 L8,"所以_c 貝爾_人 從_p 小_a 就_d 喜歡_v 研究_vn 人類_人 說話_事 
的_uj 聲音_物",所以貝爾從小就喜歡研究人類做什麼事情的聲音,
L8 L8,貝爾_人 出生_v 在_p 英國_地方,誰出生在英國,
L8 L8,貝爾_人 出生_v 在_p 英國_地方,貝爾在哪裡出生,
L8 L8,"二十四_m 歲_zg 
才_d 來_v 到_v 美國_地方",二十四歲才來到什麼地方,
L8 L8,"貝爾_人 出生_v 在_p 英國_地方 ，_x 二十四_m 歲_zg 
才_d 來_v 到_v 美國_地方",誰出生在英國，二十四歲才來到美國,
L8 L8,"貝爾_人 出生_v 在_p 英國_地方 ，_x 二十四_m 歲_zg 
才_d 來_v 到_v 美國_地方",貝爾出生在哪裡，二十四歲才來到美國,
L8 L8,"貝爾_人 出生_v 在_p 英國_地方 ，_x 二十四_m 歲_zg 
才_d 來_v 到_v 美國_地方",貝爾出生在英國，二十四歲才來到什麼地方,
L8 L8,"電報_物 已經_d 
通行_j 了_ul 三十多年_時間",什麼東西已經通行了三十多年,
L8 L8,"電報_物 已經_d 
通行_j 了_ul 三十多年_時間",電報已經通行了多久,
L8 L8,"他_人 想_v 電報_物 可以_c 
把_p 文字_物 輸_x 送到_v 很遠_a 的_uj 地方_n 去_v ，_x 有_v 
沒有_v 可能_v 把_p 聲音_物 也_d 送到_v 很遠_a 的_uj 地_n 
方_q 呢_y ？",誰想電報可以把文字輸送到很遠的地方去，有沒有可能把聲音也送到很遠的地方呢,o
L8 L8,"他_人 想_v 電報_物 可以_c 
把_p 文字_物 輸_x 送到_v 很遠_a 的_uj 地方_n 去_v ，_x 有_v 
沒有_v 可能_v 把_p 聲音_物 也_d 送到_v 很遠_a 的_uj 地_n 
方_q 呢_y ？",他想什麼東西可以把文字輸送到很遠的地方去，有沒有可能把聲音也送到很遠的地方呢,o
L8 L8,"他_人 想_v 電報_物 可以_c 
把_p 文字_物 輸_x 送到_v 很遠_a 的_uj 地方_n 去_v ，_x 有_v 
沒有_v 可能_v 把_p 聲音_物 也_d 送到_v 很遠_a 的_uj 地_n 
方_q 呢_y ？",他想電報可以把什麼輸送到很遠的地方去，有沒有可能把聲音也送到很遠的地方呢,o
L8 L8,"他_人 想_v 電報_物 可以_c 
把_p 文字_物 輸_x 送到_v 很遠_a 的_uj 地方_n 去_v ，_x 有_v 
沒有_v 可能_v 把_p 聲音_物 也_d 送到_v 很遠_a 的_uj 地_n 
方_q 呢_y ？",他想電報可以把文字輸送到很遠的地方去，有沒有可能把什麼東西也送到很遠的地方呢,o
L8 L8,"他_人 想_v 電報_物 可以_c 
把_p 文字_物 輸_x 送到_v 很遠_a 的_uj 地方_n 去_v ",誰想電報可以把文字輸送到很遠的地方去,
L8 L8,"他_人 想_v 電報_物 可以_c 
把_p 文字_物 輸_x 送到_v 很遠_a 的_uj 地方_n 去_v ",他想什麼東西可以把文字輸送到很遠的地方去,
L8 L8,"他_人 想_v 電報_物 可以_c 
把_p 文字_物 輸_x 送到_v 很遠_a 的_uj 地方_n 去_v ",他想電報可以把什麼輸送到很遠的地方去,
L8 L8,"有_v 
沒有_v 可能_v 把_p 聲音_物 也_d 送到_v 很遠_a 的_uj 地_n 
方_q 呢_y ",有沒有可能把什麼東西也送到很遠的地方呢,
L8 L8,"貝爾_人 和_c 他_人 的_uj 朋友_人 華生_人 開始_v 
研究_事 電話_物",誰和他的朋友華生開始研究電話,
L8 L8,"貝爾_人 和_c 他_人 的_uj 朋友_人 華生_人 開始_v 
研究_事 電話_物",貝爾和他的朋友什麼人開始研究電話,
L8 L8,"貝爾_人 和_c 他_人 的_uj 朋友_人 華生_人 開始_v 
研究_事 電話_物",貝爾和他的朋友華生開始研究什麼,
L8 L8,"經過_p 了_ul 六年_時間 ，_x 仍然_d 沒_zg 
有_v 成功_a",經過了多久，仍然沒有成功,o
L8 L8,經過_p 了_ul 六年_時間 ,經過了多久,
L8 L8,"華生_人 非常_d 
疲倦_a ，_x 就_d 在_p 自己_人 的_uj 小房_地方 間_f 裡_f 打瞌睡_事",誰非常疲倦，就在自己的小房間裡打瞌睡,
L8 L8,"華生_人 非常_d 
疲倦_a ，_x 就_d 在_p 自己_人 的_uj 小房_地方 間_f 裡_f 打瞌睡_事",華生非常疲倦，就在自己的小房間裡做什麼事情,
L8 L8,"貝爾_人 在_p 另外_c 一個_m 房間_地方 研究_vn 電路_物 
，_x 卻_d 不_d 小心_n 打翻_v 了_ul 桌上_地方 實驗_vn 用_p 
的_uj 藥水_物",誰在另外一個房間研究電路，卻不小心打翻了桌上實驗用的藥水,o
L8 L8,"貝爾_人 在_p 另外_c 一個_m 房間_地方 研究_vn 電路_物 
，_x 卻_d 不_d 小心_n 打翻_v 了_ul 桌上_地方 實驗_vn 用_p 
的_uj 藥水_物",貝爾在另外一個房間研究什麼，卻不小心打翻了桌上實驗用的藥水,o
L8 L8,"貝爾_人 在_p 另外_c 一個_m 房間_地方 研究_vn 電路_物 
，_x 卻_d 不_d 小心_n 打翻_v 了_ul 桌上_地方 實驗_vn 用_p 
的_uj 藥水_物",貝爾在另外一個房間研究電路，卻不小心打翻了桌上實驗用的什麼,o
L8 L8,貝爾_人 在_p 另外_c 一個_m 房間_地方 研究_vn 電路_物,誰在另外一個房間研究電路,
L8 L8,貝爾在另外一個房間研究什麼,貝爾在另外一個房間研究什麼,
L8 L8,"卻_d 不_d 小心_n 打翻_v 了_ul 桌上_地方 實驗_vn 用_p 
的_uj 藥水_物",卻不小心打翻了桌上實驗用的什麼,
L8 L8,"在_p 另_r 一個_m 房間_n 剛_d 要_v 
睡覺_v 的_uj 華生_人 ，_x 聽到_v 桌子_地方 上_f 的_uj 受話器_物 
傳來_v 貝爾_人 的_uj 聲音_物",在另一個房間剛要睡覺的誰，聽到桌子上的受話器傳來貝爾的聲音,o
L8 L8,"在_p 另_r 一個_m 房間_n 剛_d 要_v 
睡覺_v 的_uj 華生_人 ，_x 聽到_v 桌子_地方 上_f 的_uj 受話器_物 
傳來_v 貝爾_人 的_uj 聲音_物",在另一個房間剛要睡覺的華生，聽到桌子上的什麼傳來貝爾的聲音,o
L8 L8,"在_p 另_r 一個_m 房間_n 剛_d 要_v 
睡覺_v 的_uj 華生_人 ，_x 聽到_v 桌子_地方 上_f 的_uj 受話器_物 
傳來_v 貝爾_人 的_uj 聲音_物",在另一個房間剛要睡覺的華生，聽到桌子上的受話器傳來誰的聲音,o
L8 L8,"在_p 另_r 一個_m 房間_n 剛_d 要_v 
睡覺_v 的_uj 華生_人 ，_x 聽到_v 桌子_地方 上_f 的_uj 受話器_物 
傳來_v 貝爾_人 的_uj 聲音_物",在另一個房間剛要睡覺的華生，聽到桌子上的受話器傳來貝爾的什麼,o
L8 L8,"在_p 另_r 一個_m 房間_n 剛_d 要_v 
睡覺_v 的_uj 華生_人",在另一個房間剛要睡覺的誰,
L8 L8,"聽到_v 桌子_地方 上_f 的_uj 受話器_物 
傳來_v 貝爾_人 的_uj 聲音_物",聽到桌子上的什麼傳來貝爾的聲音,
L8 L8,"聽到_v 桌子_地方 上_f 的_uj 受話器_物 
傳來_v 貝爾_人 的_uj 聲音_物",聽到桌子上的受話器傳來誰的聲音,
L8 L8,"聽到_v 桌子_地方 上_f 的_uj 受話器_物 
傳來_v 貝爾_人 的_uj 聲音_物",聽到桌子上的受話器傳來貝爾的什麼,
L8 L8,"那一天_時間 ，_x 正是_d 西元一八七六年_時間
的_uj 三月_時間 十日_時間 ，_x 也_d 就是_d 人類_人 有_v 了_ul 
第一架_m 電話機_物 的_uj 日子_n 。",那一天，正是什麼時候的三月十日，也就是人類有了第一架電話機的日子,o
L8 L8,"那一天_時間 ，_x 正是_d 西元一八七六年_時間
的_uj 三月_時間 十日_時間 ，_x 也_d 就是_d 人類_人 有_v 了_ul 
第一架_m 電話機_物 的_uj 日子_n 。",那一天，正是西元一八七六年的何時，也就是人類有了第一架電話機的日子,o
L8 L8,"那一天_時間 ，_x 正是_d 西元一八七六年_時間
的_uj 三月_時間 十日_時間 ，_x 也_d 就是_d 人類_人 有_v 了_ul 
第一架_m 電話機_物 的_uj 日子_n 。",那一天，正是西元一八七六年的三月十日，也就是人類有了第一架什麼東西的日子,o
L8 L8,"也_d 就是_d 人類_人 有_v 了_ul 
第一架_m 電話機_物 的_uj 日子_n 。",也就是人類有了第一架什麼東西的日子,
L8 L6,古代_時間 秦國_地方 的_uj 土地_地方 上有_v 一條_m 河_物,何時秦國的土地上有一條河,
L8 L6,古代_時間 秦國_地方 的_uj 土地_地方 上有_v 一條_m 河_物,古代哪裡的土地上有一條河,
L8 L6,古代_時間 秦國_地方 的_uj 土地_地方 上有_v 一條_m 河_物,古代秦國的土地上有一條什麼,
L8 L6,"古代_時間 秦國_地方 的_uj 土地_地方 上有_v 一條_m 河_物 ，_x 
常常_d 鬧_v 水災_事",何時秦國的土地上有一條河，常常鬧水災,o
L8 L6,"古代_時間 秦國_地方 的_uj 土地_地方 上有_v 一條_m 河_物 ，_x 
常常_d 鬧_v 水災_事",古代哪裡的土地上有一條河，常常鬧水災,
L8 L6,"古代_時間 秦國_地方 的_uj 土地_地方 上有_v 一條_m 河_物 ，_x 
常常_d 鬧_v 水災_事",古代秦國的土地上有一條什麼，常常鬧水災,
L8 L6,"古代_時間 秦國_地方 的_uj 土地_地方 上有_v 一條_m 河_物 ，_x 
常常_d 鬧_v 水災_事",古代秦國的土地上有一條河，常常發生什麼事情,
L8 L6,常常_d 鬧_v 水災_事,常常發生什麼事情,
L8 L6,"淹沒_v 了_ul 附近_f 的_uj 農田_物 和_c 
房屋_物",淹沒了附近的什麼和房屋,
L8 L6,"淹沒_v 了_ul 附近_f 的_uj 農田_物 和_c 
房屋_物",淹沒了附近的農田和什麼,
L8 L6,"當地_s 的_uj 居民_人 受到_v 很大_a 的_uj 損失_n ，_x 
生活_vn 非常_d 困苦_an",當地的誰受到很大的損失，生活非常困苦,o
L8 L6,當地_s 的_uj 居民_人 受到_v 很大_a 的_uj 損失_n ,當地的誰受到很大的損失,
L8 L6,"秦王_人 很_d 著急_a ，_x 希望_v 能_v 
找到_v 一個_m 水利_n 專家_人 ，_x 幫_v 他_人 想想_v 辦法_n",誰很著急，希望能找到一個水利專家，幫他想想辦法,o
L8 L6,秦王_人 很_d 著急_a,誰很著急,
L8 L6,後_nr 來_v 找到_v 了_ul 李冰_人 ，_x 便_d 派_v 他_人 去_v 治水_事,後來找到了誰，便派他去治水,o
L8 L6,後_nr 來_v 找到_v 了_ul 李冰_人 ，_x 便_d 派_v 他_人 去_v 治水_事,後來找到了李冰，便派誰去治水,o
L8 L6,後_nr 來_v 找到_v 了_ul 李冰_人 ，_x 便_d 派_v 他_人 去_v 治水_事,後來找到了李冰，便派他去做什麼事情,o
L8 L6,後_nr 來_v 找到_v 了_ul 李冰_人,後來找到了誰,
L8 L6,便_d 派_v 他_人 去_v 治水_事,便派誰去治水,
L8 L6,便_d 派_v 他_人 去_v 治水_事,便派他去做什麼事情,
L8 L6,"李冰_人 先_d 仔細_ad 察看_v 這條_mq 河流_物 的_uj 水道_物 ，
_x 再_d 找出_v 了_ul 鬧水災_事 的_uj 原因_n",誰先仔細查看這條河流的水道，再找出了鬧水災的原因,o
L8 L6,"李冰_人 先_d 仔細_ad 察看_v 這條_mq 河流_物 的_uj 水道_物 ，
_x 再_d 找出_v 了_ul 鬧水災_事 的_uj 原因_n",李冰先仔細查看這條河流的什麼，再找出了鬧水災的原因,o
L8 L6,"李冰_人 先_d 仔細_ad 察看_v 這條_mq 河流_物 的_uj 水道_物 ，
_x 再_d 找出_v 了_ul 鬧水災_事 的_uj 原因_n",李冰先仔細查看這條河流的水道，再找出了什麼事情的原因,o
L8 L6,李冰_人 先_d 仔細_ad 察看_v 這條_mq 河流_物 的_uj 水道_物,誰先仔細查看這條河流的水道,
L8 L6,李冰_人 先_d 仔細_ad 察看_v 這條_mq 河流_物 的_uj 水道_物,李冰先仔細查看這條河流的什麼,
L8 L6, 再_d 找出_v 了_ul 鬧水災_事 的_uj 原因_n,再找出了什麼事情的原因,
L8 L6,"原來_v 河流_物 
是_v 從_p 高山_地方 上_f 流下_v 來_v 的_uj",原來什麼是從高山上留下來的,
L8 L6,"原來_v 河流_物 
是_v 從_p 高山_地方 上_f 流下_v 來_v 的_uj",原來河流是從哪裡留下來的,
L8 L6,"冬天_時間 ，_x 山上_地方
積_v 了_ul 很多_m 雪_物",何時，山上積了很多雪,
L8 L6,"冬天_時間 ，_x 山上_地方
積_v 了_ul 很多_m 雪_物",冬天，山上積了很多什麼,
L8 L6,"到_v 了_ul 夏天_時間 ，_x 積雪_物 變成_v 了_ul 
水_n ，_x 水_n 往下流_n",到了什麼時候，積雪便成了水，水往下流,
L8 L6,"到_v 了_ul 夏天_時間 ，_x 積雪_物 變成_v 了_ul 
水_n ，_x 水_n 往下流_n",到了夏天，什麼便成了水，水往下流,
L8 L6,"到_v 了_ul 夏天_時間 ，_x 積雪_物 變成_v 了_ul 
水_n",到了什麼時候，積雪便成了水,
L8 L6,"到_v 了_ul 夏天_時間 ，_x 積雪_物 變成_v 了_ul 
水_n",到了夏天，什麼便成了水,
L8 L6,"山下_地方 的_uj 水道_物 很窄_a ，_x 容_a 
不下_v 那麼_r 多_m 的_uj 水_物 ，_x 於_nr 是_v 就_d 淹沒_v 了_ul 兩_m 
岸_n 的_uj 土地_物",哪裡的水道很窄，容不下那麼多的水，於是就淹沒了兩岸的土地,o
L8 L6,"山下_地方 的_uj 水道_物 很窄_a ，_x 容_a 
不下_v 那麼_r 多_m 的_uj 水_物 ，_x 於_nr 是_v 就_d 淹沒_v 了_ul 兩_m 
岸_n 的_uj 土地_物",山下的水道很窄，容不下那麼多的什麼，於是就淹沒了兩岸的土地,o
L8 L6,"山下_地方 的_uj 水道_物 很窄_a ，_x 容_a 
不下_v 那麼_r 多_m 的_uj 水_物 ，_x 於_nr 是_v 就_d 淹沒_v 了_ul 兩_m 
岸_n 的_uj 土地_物",山下的水道很窄，容不下那麼多的水，於是就淹沒了兩岸的什麼,o
L8 L6,山下_地方 的_uj 水道_物 很窄_a,哪裡的水道很窄,
L8 L6,李冰_人 想出_v 了_ul 一個_m 辦法_n,誰想出了一個辦法,
L8 L6,"就是_d 打通_v
河邊_地方 的_uj 一座_m 小山_物 ，_x 再_d 開_v 一條_m 新_a 水道_物",就是打通哪裡的一座小山，再開一條新水道,
L8 L6,"他_人 在_p 河中_地方 築起_v 一道_m 分水堤_物 ，_x 把_p 河_物 
分成_v 兩個_m 水道_物",誰在河中築起一道分水堤，把河分成兩個水道,
L8 L6,"他_人 在_p 河中_地方 築起_v 一道_m 分水堤_物 ，_x 把_p 河_物 
分成_v 兩個_m 水道_物",他在河中築起一道什麼東西，把河分成兩個水道,
L8 L6,"他_人 在_p 河中_地方 築起_v 一道_m 分水堤_物 ，_x 把_p 河_物 
分成_v 兩個_m 水道_物",他在河中築起一道分水堤，把什麼分成兩個水道,
L8 L6,"平時_時間 水少_nr ，_x 就_d 走_v 一條_m 
水道_物",什麼時間水少，就走一條水道,
L8 L6,遇到_v 大水_物 時_zg ，_x 水_物 自動_d 往_p 兩條_m 水道_物 流去_v,遇到什麼時，水自動往兩條水道流去,
L8 L6,遇到_v 大水_物 時_zg ，_x 水_物 自動_d 往_p 兩條_m 水道_物 流去_v,遇到大水時，什麼自動往兩條水道流去,
L8 L6,"有_v 了_ul 這_r 兩條_m 水道_物 之_u 後_nr ，_x 就_d 不_d 
再_d 鬧_v 水災_事 了_ul",有了這兩條什麼之後，就不再鬧水災了,
L8 L6,"有_v 了_ul 這_r 兩條_m 水道_物 之_u 後_nr ，_x 就_d 不_d 
再_d 鬧_v 水災_事 了_ul",有了這兩條水道之後，就不再發生什麼事情了,
L8 L6,"李冰_人 教_v 河流兩岸_地方 的_uj 老百姓_人 
，_x 挖_v 了_ul 許多_m 水溝_物",誰教河流兩岸的老百姓，挖了許多水溝,
L8 L6,"李冰_人 教_v 河流兩岸_地方 的_uj 老百姓_人 
，_x 挖_v 了_ul 許多_m 水溝_物",李冰教河流兩岸的誰，挖了許多水溝,
L8 L6,"李冰_人 教_v 河流兩岸_地方 的_uj 老百姓_人 
，_x 挖_v 了_ul 許多_m 水溝_物",李冰教河流兩岸的老百姓，挖了許多什麼,
L8 L6,"把_p 水_物 引到_v 田裡_地方 ，_x 
使_v 荒地_物 變成_v 農田_物",把什麼引到田裡，使荒地變成農田,
L8 L6,"把_p 水_物 引到_v 田裡_地方 ，_x 
使_v 荒地_物 變成_v 農田_物",把水引到哪裡，使荒地變成農田,
L8 L6,"把_p 水_物 引到_v 田裡_地方 ，_x 
使_v 荒地_物 變成_v 農田_物",把水引到田裡，使什麼變成農田,
L8 L6,"把_p 水_物 引到_v 田裡_地方 ，_x 
使_v 荒地_物 變成_v 農田_物",把水引到田裡，使荒地變成什麼,
L8 L6,"當地_s 的_uj 老百姓_人 非_h 
常_d 感激_v 李冰_人",當地的誰非常感謝李冰,
L8 L6,"當地_s 的_uj 老百姓_人 非_h 
常_d 感激_v 李冰_人",當地的老百姓非常感謝誰,
L8 L6,"因為_c 他_人 整治_n 河流_物 ，_x 解除_v 
了_ul 大家_n 的_uj 痛苦_an",因為誰整治河流，解除了大家的痛苦,
L8 L6,"因為_c 他_人 整治_n 河流_物 ，_x 解除_v 
了_ul 大家_n 的_uj 痛苦_an",因為他整治什麼，解除了大家的痛苦,
